platform,keyword,company,company_name,company_page_link,job,job_name,job_page_link,update_time,location
SimplyHired,creative developer,[Adobe](None),Adobe,None,[Senior Creative Developer](https://www.simplyhired.com/job/yLnNAKs-BrbNj688GlUa7sbcvVwLcmVLf7GbExSW9jQVD90aQcrRAA?q=creative+developer),Senior Creative Developer,https://www.simplyhired.com/job/yLnNAKs-BrbNj688GlUa7sbcvVwLcmVLf7GbExSW9jQVD90aQcrRAA?q=creative+developer,13d,"New York, NY"
SimplyHired,creative developer,[Adobe](None),Adobe,None,[Full Stack Web Developer_Creative Cloud](https://www.simplyhired.com/job/7ZoPoXMc-Icm8Y6YDOBJoobg2Hl-wPELX2btDGTtZygWbTej3JnoHw?q=creative+developer),Full Stack Web Developer_Creative Cloud,https://www.simplyhired.com/job/7ZoPoXMc-Icm8Y6YDOBJoobg2Hl-wPELX2btDGTtZygWbTej3JnoHw?q=creative+developer,3d,"San Jose, CA"
SimplyHired,creative developer,[Afterpay Touch](None),Afterpay Touch,None,[Email Developer](https://www.simplyhired.com/job/n5NIroR7YoqNgO4xmBs4m1Nkvt77E0789wUXPBOj_-3bHxrUjrJtuQ?q=creative+developer),Email Developer,https://www.simplyhired.com/job/n5NIroR7YoqNgO4xmBs4m1Nkvt77E0789wUXPBOj_-3bHxrUjrJtuQ?q=creative+developer,4d,"San Francisco, CA"
SimplyHired,creative developer,"[Amazon Web Services, Inc.](None)","Amazon Web Services, Inc.",None,"[Curriculum Developer, AWS Support](https://www.simplyhired.com/job/Nd4AkRpWW73hgtpdiFFMM-nBa4rIOdJwZELg-i7d9xlNpSHeCuobxA?q=creative+developer)","Curriculum Developer, AWS Support",https://www.simplyhired.com/job/Nd4AkRpWW73hgtpdiFFMM-nBa4rIOdJwZELg-i7d9xlNpSHeCuobxA?q=creative+developer,Today,"Seattle, WA +3 locations"
SimplyHired,creative developer,[Fame Foundry](None),Fame Foundry,None,[Junior Web Designer & Front-End Developer](https://www.simplyhired.com/job/tMa_I1NZpU5x46TDtMRnL30A0AG0bgBD6SYHa_rhTFFwF7E1hgqvow?q=creative+developer),Junior Web Designer & Front-End Developer,https://www.simplyhired.com/job/tMa_I1NZpU5x46TDtMRnL30A0AG0bgBD6SYHa_rhTFFwF7E1hgqvow?q=creative+developer,Recently,"Charlotte, NC"
SimplyHired,creative developer,[Sosolimited](None),Sosolimited,None,[Creative Developer](https://www.simplyhired.com/job/r_IVsHu12V2c1HNkoD0GlDEJgO_0P4cZ0WZaaY-8Ge39ggLqQakXqQ?q=creative+developer),Creative Developer,https://www.simplyhired.com/job/r_IVsHu12V2c1HNkoD0GlDEJgO_0P4cZ0WZaaY-8Ge39ggLqQakXqQ?q=creative+developer,Recently,"Boston, MA"
SimplyHired,creative developer,[Temboo](None),Temboo,None,[Creative Coder / Storyteller](https://www.simplyhired.com/job/ARuheQ38A0Y0Qp9V_gtgU2UYZVP74ilQ8vcVZmkhbkuotjbTpNy0Pw?q=creative+developer),Creative Coder / Storyteller,https://www.simplyhired.com/job/ARuheQ38A0Y0Qp9V_gtgU2UYZVP74ilQ8vcVZmkhbkuotjbTpNy0Pw?q=creative+developer,Recently,"New York, NY"
SimplyHired,creative developer,[Two Barrels](None),Two Barrels,None,[Front End SEO Developer](https://www.simplyhired.com/job/LaanYAtgK_6m7HFQlTljxrzPislI_fn-Jck48KMJdWKfVl35fvFHRg?q=creative+developer),Front End SEO Developer,https://www.simplyhired.com/job/LaanYAtgK_6m7HFQlTljxrzPislI_fn-Jck48KMJdWKfVl35fvFHRg?q=creative+developer,Recently,"Spokane, WA"
SimplyHired,creative developer,[Urban Influence](None),Urban Influence,None,[Senior Creative Developer](https://www.simplyhired.com/job/sg8tem14fF2uszwEysrBKNCerOPPPdBI8UFGnHax-jkVOOXswazrCA?q=creative+developer),Senior Creative Developer,https://www.simplyhired.com/job/sg8tem14fF2uszwEysrBKNCerOPPPdBI8UFGnHax-jkVOOXswazrCA?q=creative+developer,Recently,"Seattle, WA"
SimplyHired,creative developer,[Webmasters.com](None),Webmasters.com,None,[HTML/Graphic Designers](https://www.simplyhired.com/job/1S2ki1F2e97xk1bn0P3q05lu3BQ0Tpk7KwB7Zii_z8pQmxmAAOWD5g?q=creative+developer),HTML/Graphic Designers,https://www.simplyhired.com/job/1S2ki1F2e97xk1bn0P3q05lu3BQ0Tpk7KwB7Zii_z8pQmxmAAOWD5g?q=creative+developer,Recently,"Tampa, FL"
SimplyHired,creative developer,[dogstudio](None),dogstudio,None,[Creative Developer](https://www.simplyhired.com/job/ebk8dINAjBFJiUiol3_cJQre-ypuJB1kPOhs6ThDK2GuosJDV13wuw?q=creative+developer),Creative Developer,https://www.simplyhired.com/job/ebk8dINAjBFJiUiol3_cJQre-ypuJB1kPOhs6ThDK2GuosJDV13wuw?q=creative+developer,Recently,"Chicago, IL"
SimplyHired,interactive designer,"[Agilent Technologies, Inc.](None)","Agilent Technologies, Inc.",None,[UX Designer](https://www.simplyhired.com/job/ecbxQG_jjiIPnOBAQqPTfzL_RJO21rOdceTQgy2c7_xMIB5gdrRVig?q=interactive+designer),UX Designer,https://www.simplyhired.com/job/ecbxQG_jjiIPnOBAQqPTfzL_RJO21rOdceTQgy2c7_xMIB5gdrRVig?q=interactive+designer,Recently,"Santa Clara, CA"
SimplyHired,interactive designer,[Amazon.com Services LLC](None),Amazon.com Services LLC,None,[Instructional Designer](https://www.simplyhired.com/job/BCvGcErQUtlpviFWfnNkOXVnRY-EQpBfG1hRgkf_84ZjUWkV2seamQ?q=interactive+designer),Instructional Designer,https://www.simplyhired.com/job/BCvGcErQUtlpviFWfnNkOXVnRY-EQpBfG1hRgkf_84ZjUWkV2seamQ?q=interactive+designer,Recently,Remote +6 locations
SimplyHired,interactive designer,[Ancestry](None),Ancestry,None,[UX Designer](https://www.simplyhired.com/job/OF7xAT3cYAXMbT9Y2-jfw6EkNnOGBggAS-NqCjV70-EqKDdq-0RuZg?q=interactive+designer),UX Designer,https://www.simplyhired.com/job/OF7xAT3cYAXMbT9Y2-jfw6EkNnOGBggAS-NqCjV70-EqKDdq-0RuZg?q=interactive+designer,Recently,"San Francisco, CA"
SimplyHired,interactive designer,[Evoke Health](None),Evoke Health,None,[Proofreader](https://www.simplyhired.com/job/izzabsfDZp9Q9c7eLVG92qUKTRHhxu1RKM_orYWY-AtCCQE1Aw47gw?q=interactive+designer),Proofreader,https://www.simplyhired.com/job/izzabsfDZp9Q9c7eLVG92qUKTRHhxu1RKM_orYWY-AtCCQE1Aw47gw?q=interactive+designer,Recently,"New York, NY"
SimplyHired,interactive designer,[Flipcause](None),Flipcause,None,[Junior Product Designer (USA-Remote)](https://www.simplyhired.com/job/kABZLXiAHwDAsyY3LgscH4wHHmSIh6XToTTTtKG43enm2U2SKvDJWw?q=interactive+designer),Junior Product Designer (USA-Remote),https://www.simplyhired.com/job/kABZLXiAHwDAsyY3LgscH4wHHmSIh6XToTTTtKG43enm2U2SKvDJWw?q=interactive+designer,2d,"Oakland, CA"
SimplyHired,interactive designer,[HP](None),HP,None,[HyperX UI Designer](https://www.simplyhired.com/job/CWs0d3vUungWcP1U1qkpflr-fh8y_LkduqF7Fi28G2_IIpj7r-k9aw?q=interactive+designer),HyperX UI Designer,https://www.simplyhired.com/job/CWs0d3vUungWcP1U1qkpflr-fh8y_LkduqF7Fi28G2_IIpj7r-k9aw?q=interactive+designer,11d,"Fountain Valley, CA"
SimplyHired,interactive designer,[OneMagnify](None),OneMagnify,None,[Interactive AD/Digital Designer](https://www.simplyhired.com/job/Khow6qaqA9GYfP5s4qLEGAI_REhDrGTPavLBe7nzfUp_OlxGMkVGqw?q=interactive+designer),Interactive AD/Digital Designer,https://www.simplyhired.com/job/Khow6qaqA9GYfP5s4qLEGAI_REhDrGTPavLBe7nzfUp_OlxGMkVGqw?q=interactive+designer,Today,"Detroit, MI"
SimplyHired,interactive designer,[Ozmo](None),Ozmo,None,[Associate Product Designer](https://www.simplyhired.com/job/kkly0IOhq0B4e8D9-tHEfYQWbFHVRp0MR87c4MAwe71OlVlhjPTcHQ?q=interactive+designer),Associate Product Designer,https://www.simplyhired.com/job/kkly0IOhq0B4e8D9-tHEfYQWbFHVRp0MR87c4MAwe71OlVlhjPTcHQ?q=interactive+designer,1d,Remote
SimplyHired,interactive designer,[Pocket Made](None),Pocket Made,None,[Interactive Designer](https://www.simplyhired.com/job/xYv_tM-XKQkoj5ULAo7DXJW5nRabb_8HB4oGVltCdcRzZM1vtT8gAA?q=interactive+designer),Interactive Designer,https://www.simplyhired.com/job/xYv_tM-XKQkoj5ULAo7DXJW5nRabb_8HB4oGVltCdcRzZM1vtT8gAA?q=interactive+designer,2d,Remote
SimplyHired,interactive designer,[Snapchat](None),Snapchat,None,[Platform Designer](https://www.simplyhired.com/job/TeakLI6kOwBAoB778qGfYgKbBmMWLHOaJnLJXg-hWhgyN-lZzMa1uA?q=interactive+designer),Platform Designer,https://www.simplyhired.com/job/TeakLI6kOwBAoB778qGfYgKbBmMWLHOaJnLJXg-hWhgyN-lZzMa1uA?q=interactive+designer,1d,"Los Angeles, CA"
SimplyHired,interactive designer,[Zynga](None),Zynga,None,[Game Writer / Narrative Designer - Echtra](https://www.simplyhired.com/job/K4HlkRhVs73QUz3L84cPpTUm9_YZt6Z0Ee4YPUhX9mR6ZS0dYnY_Hg?q=interactive+designer),Game Writer / Narrative Designer - Echtra,https://www.simplyhired.com/job/K4HlkRhVs73QUz3L84cPpTUm9_YZt6Z0Ee4YPUhX9mR6ZS0dYnY_Hg?q=interactive+designer,Recently,Remote
SimplyHired,technical artist,[Adobe](None),Adobe,None,[Technical Support Engineer](https://www.simplyhired.com/job/o-8TSeOUuK5wF3hZ8ohdVJWiVcbIMIgREHp8-0ey6867JX-bK6yS-A?q=technical+artist),Technical Support Engineer,https://www.simplyhired.com/job/o-8TSeOUuK5wF3hZ8ohdVJWiVcbIMIgREHp8-0ey6867JX-bK6yS-A?q=technical+artist,Today,"Lehi, UT +3 locations"
SimplyHired,technical artist,[Archetype Entertainment](None),Archetype Entertainment,None,[Lead Technical Artist](https://www.simplyhired.com/job/2eERMfF7K2K01hCoc-GeD4wWe0UeGSIZvKHUu6208EO4ocNwf-YpNg?q=technical+artist),Lead Technical Artist,https://www.simplyhired.com/job/2eERMfF7K2K01hCoc-GeD4wWe0UeGSIZvKHUu6208EO4ocNwf-YpNg?q=technical+artist,Recently,"Austin, TX"
SimplyHired,technical artist,"[DuraTech Industries, Inc](None)","DuraTech Industries, Inc",None,[Technical Artist](https://www.simplyhired.com/job/Lz0D4VnlTdMIIMj6mIQFc3Eb2laur9NUEKrG2C5s5u7KdlKxSFDg1A?q=technical+artist),Technical Artist,https://www.simplyhired.com/job/Lz0D4VnlTdMIIMj6mIQFc3Eb2laur9NUEKrG2C5s5u7KdlKxSFDg1A?q=technical+artist,5d,"La Crosse, WI"
SimplyHired,technical artist,[Electronic Arts](None),Electronic Arts,None,[Technical Audio Artist](https://www.simplyhired.com/job/yNZHA2ZfRuop0jcJdu6mbluogooGx0yAmrN1oiXRyTLK5_cfZfX6xA?q=technical+artist),Technical Audio Artist,https://www.simplyhired.com/job/yNZHA2ZfRuop0jcJdu6mbluogooGx0yAmrN1oiXRyTLK5_cfZfX6xA?q=technical+artist,Recently,"Los Angeles, CA"
SimplyHired,technical artist,[Oculus](None),Oculus,None,"[Technical Artist, Horizon](https://www.simplyhired.com/job/d7bRxxtntFNnvXioKGNxLfkW6yLnj8T6D6-p_YMRUIKjTCGN7u3n1g?q=technical+artist)","Technical Artist, Horizon",https://www.simplyhired.com/job/d7bRxxtntFNnvXioKGNxLfkW6yLnj8T6D6-p_YMRUIKjTCGN7u3n1g?q=technical+artist,5d,"Burlingame, CA +2 locations"
SimplyHired,technical artist,[Oculus](None),Oculus,None,"[Technical Artist, Shading & Look Development](https://www.simplyhired.com/job/KBJPoFIOZs5HXVk7GzOmmIM0Cnv28mhCB3wjl0EFdr_S7rdYqH7V5Q?q=technical+artist)","Technical Artist, Shading & Look Development",https://www.simplyhired.com/job/KBJPoFIOZs5HXVk7GzOmmIM0Cnv28mhCB3wjl0EFdr_S7rdYqH7V5Q?q=technical+artist,Recently,"Burlingame, CA"
SimplyHired,technical artist,[Player One Trailers](None),Player One Trailers,None,[STORYBOARD ARTIST](https://www.simplyhired.com/job/WsM3HESh11erc7gbrwmB9wOuLc4G8EpuzkIDIBZRmQv2tJ5MIdyzZQ?q=technical+artist),STORYBOARD ARTIST,https://www.simplyhired.com/job/WsM3HESh11erc7gbrwmB9wOuLc4G8EpuzkIDIBZRmQv2tJ5MIdyzZQ?q=technical+artist,Recently,"Bellingham, WA"
SimplyHired,technical artist,[Player One Trailers](None),Player One Trailers,None,[CONCEPT ARTIST](https://www.simplyhired.com/job/NHSymmraphyw8uHdSkV5Et_VVAdt0q4UIaYh_zD91KukT2nlM8P-Uw?q=technical+artist),CONCEPT ARTIST,https://www.simplyhired.com/job/NHSymmraphyw8uHdSkV5Et_VVAdt0q4UIaYh_zD91KukT2nlM8P-Uw?q=technical+artist,Recently,"Bellingham, WA"
SimplyHired,technical artist,[Player One Trailers](None),Player One Trailers,None,[Motion Graphics Artist](https://www.simplyhired.com/job/o7JNjkkpxWZ8FVv59hp4qeMYLHQlKsrgcs6dQbZndNH-QEfHxPYWbg?q=technical+artist),Motion Graphics Artist,https://www.simplyhired.com/job/o7JNjkkpxWZ8FVv59hp4qeMYLHQlKsrgcs6dQbZndNH-QEfHxPYWbg?q=technical+artist,Recently,"Bellingham, WA"
SimplyHired,technical artist,[SGK](None),SGK,None,[Production Artist](https://www.simplyhired.com/job/fiDkBfoleByIDSnYQ6C3ZfF9Uftgk018uOl6eEuW4h_ZgFUYpF-1PA?q=technical+artist),Production Artist,https://www.simplyhired.com/job/fiDkBfoleByIDSnYQ6C3ZfF9Uftgk018uOl6eEuW4h_ZgFUYpF-1PA?q=technical+artist,Recently,"Redmond, WA"
SimplyHired,technical artist,[TARGET](None),TARGET,None,[Associate 3D Technical Artist](https://www.simplyhired.com/job/Lm3qzzXbGG_X4jzkJmEqfcqL-4ceUKCvMq6dGaVVAIkIoe1J1SAuNA?q=technical+artist),Associate 3D Technical Artist,https://www.simplyhired.com/job/Lm3qzzXbGG_X4jzkJmEqfcqL-4ceUKCvMq6dGaVVAIkIoe1J1SAuNA?q=technical+artist,6d,"Minneapolis, MN"
SimplyHired,virtual reality developer,"[Amazon Web Services, Inc.](None)","Amazon Web Services, Inc.",None,"[Curriculum Developer, AWS Support](https://www.simplyhired.com/job/Nd4AkRpWW73hgtpdiFFMM-nBa4rIOdJwZELg-i7d9xlNpSHeCuobxA?q=virtual+reality+developer)","Curriculum Developer, AWS Support",https://www.simplyhired.com/job/Nd4AkRpWW73hgtpdiFFMM-nBa4rIOdJwZELg-i7d9xlNpSHeCuobxA?q=virtual+reality+developer,Today,"Seattle, WA +3 locations"
SimplyHired,virtual reality developer,"[Amazon Web Services, Inc.](None)","Amazon Web Services, Inc.",None,"[Sr. Virtual Learning Experience Developer, AWS Support](https://www.simplyhired.com/job/0po4fmnvdKs5WeXH9zF3_a0yzdzFHSv3q_ILduafMhJ3r276s04_QA?q=virtual+reality+developer)","Sr. Virtual Learning Experience Developer, AWS Support",https://www.simplyhired.com/job/0po4fmnvdKs5WeXH9zF3_a0yzdzFHSv3q_ILduafMhJ3r276s04_QA?q=virtual+reality+developer,Recently,"Seattle, WA"
SimplyHired,virtual reality developer,[Chainlink Labs](None),Chainlink Labs,None,[Marketing Coordinator](https://www.simplyhired.com/job/oxd3T31BZKHSeZkhPWZicmv9T1NC3f_9m-ey7DK-1eM_b2MbJtVw3A?q=virtual+reality+developer),Marketing Coordinator,https://www.simplyhired.com/job/oxd3T31BZKHSeZkhPWZicmv9T1NC3f_9m-ey7DK-1eM_b2MbJtVw3A?q=virtual+reality+developer,5d,Remote
SimplyHired,virtual reality developer,[Docker](None),Docker,None,"[Director, Customer Success](https://www.simplyhired.com/job/uKtzMljsCJ4fHj-9uNRF6zEVIAcpvQ9TaMNiOL_YBzGeiGTDIVJxSA?q=virtual+reality+developer)","Director, Customer Success",https://www.simplyhired.com/job/uKtzMljsCJ4fHj-9uNRF6zEVIAcpvQ9TaMNiOL_YBzGeiGTDIVJxSA?q=virtual+reality+developer,Today,United States
SimplyHired,virtual reality developer,[Fujitsu](None),Fujitsu,None,[Virtual Reality Developer](https://www.simplyhired.com/job/Ze0_EzKZMF6qsd2ygOdSng4xTCczyMc5vVJCuigrRKiw6GfiGXIV-A?q=virtual+reality+developer),Virtual Reality Developer,https://www.simplyhired.com/job/Ze0_EzKZMF6qsd2ygOdSng4xTCczyMc5vVJCuigrRKiw6GfiGXIV-A?q=virtual+reality+developer,Recently,"Seattle, WA"
SimplyHired,virtual reality developer,"[Integration Innovation, Inc.](None)","Integration Innovation, Inc.",None,[Entry-Level Unity Developer](https://www.simplyhired.com/job/MsyPArrqUE5930lMwFk7D_Ini1eXSm08wF5wzEEpI49-baHDi5UCeA?q=virtual+reality+developer),Entry-Level Unity Developer,https://www.simplyhired.com/job/MsyPArrqUE5930lMwFk7D_Ini1eXSm08wF5wzEEpI49-baHDi5UCeA?q=virtual+reality+developer,Recently,"Huntsville, AL"
SimplyHired,virtual reality developer,[Mursion Career Opportunities](None),Mursion Career Opportunities,None,"[Manager, Client Operations - Product](https://www.simplyhired.com/job/wn5XLLZN1wogLoqjeR6AP-sal5tnH6RWTd0FhsBRSrPICJabVut7Yg?q=virtual+reality+developer)","Manager, Client Operations - Product",https://www.simplyhired.com/job/wn5XLLZN1wogLoqjeR6AP-sal5tnH6RWTd0FhsBRSrPICJabVut7Yg?q=virtual+reality+developer,Today,Pennsylvania +6 locations
SimplyHired,virtual reality developer,[Oculus](None),Oculus,None,[Producer - Games](https://www.simplyhired.com/job/bJ22WlE1fAV2RjH0fvCEoRJWCZJjWimB-eeOfZHSX68EL7pLNApwJQ?q=virtual+reality+developer),Producer - Games,https://www.simplyhired.com/job/bJ22WlE1fAV2RjH0fvCEoRJWCZJjWimB-eeOfZHSX68EL7pLNApwJQ?q=virtual+reality+developer,7d,Remote +4 locations
SimplyHired,virtual reality developer,"[Pinkerton Consulting & Investigations, Inc.](None)","Pinkerton Consulting & Investigations, Inc.",None,[Business Analyst- Virtual Reality Developer](https://www.simplyhired.com/job/ZvNZPldoT0hRc3SAgctZ4oAF0kX0hLhtw9705DrJmrHQqPE2pYFkyQ?q=virtual+reality+developer),Business Analyst- Virtual Reality Developer,https://www.simplyhired.com/job/ZvNZPldoT0hRc3SAgctZ4oAF0kX0hLhtw9705DrJmrHQqPE2pYFkyQ?q=virtual+reality+developer,Recently,"Seattle, WA +3 locations"
SimplyHired,virtual reality developer,"[UES, Inc.](None)","UES, Inc.",None,[Virtual Reality / Augmented Reality - Developer](https://www.simplyhired.com/job/OoR7Yb30bQsGODsyns6zvHCIU4BTcW4ee-QiGTN4-n4wcmjoiojdGA?q=virtual+reality+developer),Virtual Reality / Augmented Reality - Developer,https://www.simplyhired.com/job/OoR7Yb30bQsGODsyns6zvHCIU4BTcW4ee-QiGTN4-n4wcmjoiojdGA?q=virtual+reality+developer,Recently,"Wright-Patterson AFB, OH"
SimplyHired,virtual reality developer,[WarnerMedia](None),WarnerMedia,None,[Graphics Developer Apprentice](https://www.simplyhired.com/job/ZMWlNJRU9LlvyZOrQItnD2IlLJpwRnTKPHV-dxUr05GsAENUnEF0GQ?q=virtual+reality+developer),Graphics Developer Apprentice,https://www.simplyhired.com/job/ZMWlNJRU9LlvyZOrQItnD2IlLJpwRnTKPHV-dxUr05GsAENUnEF0GQ?q=virtual+reality+developer,13d,"Atlanta, GA"
SimplyHired,arvr developer,"[Amazon Web Services, Inc.](None)","Amazon Web Services, Inc.",None,[Wavelength GTM Specialist](https://www.simplyhired.com/job/kTfczfINaDt4F07b6pkWGqHnYDl8fRc03zxrdWxdlvHuWZs_VYbysA?q=arvr+developer),Wavelength GTM Specialist,https://www.simplyhired.com/job/kTfczfINaDt4F07b6pkWGqHnYDl8fRc03zxrdWxdlvHuWZs_VYbysA?q=arvr+developer,Recently,"Santa Clara, CA"
SimplyHired,arvr developer,[Oculus](None),Oculus,None,[Launch Manager](https://www.simplyhired.com/job/KNGFZDuOmGefD4Jlf0Y2cnbX2V54t7ky7wlPZxWlwX8c8Osojvrr1w?q=arvr+developer),Launch Manager,https://www.simplyhired.com/job/KNGFZDuOmGefD4Jlf0Y2cnbX2V54t7ky7wlPZxWlwX8c8Osojvrr1w?q=arvr+developer,Recently,"Los Angeles, CA +2 locations"
SimplyHired,sound designer,[Activision](None),Activision,None,[Sound Designer](https://www.simplyhired.com/job/i7qlcqa6pP-srEpgyNNEjRvZmW5tDc8R6vUqXUq0hP94Ee2Cl5AgeQ?q=sound+designer),Sound Designer,https://www.simplyhired.com/job/i7qlcqa6pP-srEpgyNNEjRvZmW5tDc8R6vUqXUq0hP94Ee2Cl5AgeQ?q=sound+designer,Recently,"Austin, TX"
SimplyHired,sound designer,[Activision](None),Activision,None,[Associate Sound Designer](https://www.simplyhired.com/job/_fVQnrG-6eXXDFbqeBlaGv-ZlvuR7dc5-W-A_jlA9zNPy3JMwaKuZw?q=sound+designer),Associate Sound Designer,https://www.simplyhired.com/job/_fVQnrG-6eXXDFbqeBlaGv-ZlvuR7dc5-W-A_jlA9zNPy3JMwaKuZw?q=sound+designer,Recently,"Albany, NY"
SimplyHired,sound designer,[Blizzard Entertainment](None),Blizzard Entertainment,None,[Associate Sound Designer - Diablo IV](https://www.simplyhired.com/job/3KAb0tHyVLIXFiXe1hpwEOy9xC3-yGRyqNdj75zhxxKHGL1YvVDdRg?q=sound+designer),Associate Sound Designer - Diablo IV,https://www.simplyhired.com/job/3KAb0tHyVLIXFiXe1hpwEOy9xC3-yGRyqNdj75zhxxKHGL1YvVDdRg?q=sound+designer,Recently,"Albany, NY"
SimplyHired,sound designer,[Facebook App](None),Facebook App,None,[Interaction Sound Designer](https://www.simplyhired.com/job/BhcVScn2z45QElEhkzZ8lT7Hr1FG18MN0VObiqhsN1kPLZzLOFd02w?q=sound+designer),Interaction Sound Designer,https://www.simplyhired.com/job/BhcVScn2z45QElEhkzZ8lT7Hr1FG18MN0VObiqhsN1kPLZzLOFd02w?q=sound+designer,Recently,"Menlo Park, CA +4 locations"
SimplyHired,sound designer,[HI-REZ STUDIOS](None),HI-REZ STUDIOS,None,[Sound Designer](https://www.simplyhired.com/job/3KESxG3AH-xgoPDq_mTXtg1SfZkBd-JuQAzpipAlo6o80PuYpAptMQ?q=sound+designer),Sound Designer,https://www.simplyhired.com/job/3KESxG3AH-xgoPDq_mTXtg1SfZkBd-JuQAzpipAlo6o80PuYpAptMQ?q=sound+designer,Recently,"Alpharetta, GA"
SimplyHired,sound designer,[HP](None),HP,None,[HyperX UI Designer](https://www.simplyhired.com/job/CWs0d3vUungWcP1U1qkpflr-fh8y_LkduqF7Fi28G2_IIpj7r-k9aw?q=sound+designer),HyperX UI Designer,https://www.simplyhired.com/job/CWs0d3vUungWcP1U1qkpflr-fh8y_LkduqF7Fi28G2_IIpj7r-k9aw?q=sound+designer,11d,"Fountain Valley, CA"
SimplyHired,sound designer,[IdeaMachine Studio](None),IdeaMachine Studio,None,[Sound Designer and Mixer](https://www.simplyhired.com/job/3_cnKWbKCzfz8K406esix9aXeGkS2iLw6vp3jwYHfDLUWBO0TV9GDQ?q=sound+designer),Sound Designer and Mixer,https://www.simplyhired.com/job/3_cnKWbKCzfz8K406esix9aXeGkS2iLw6vp3jwYHfDLUWBO0TV9GDQ?q=sound+designer,Recently,"San Francisco, CA"
SimplyHired,sound designer,[Middle East Broadcasting Networks Inc.](None),Middle East Broadcasting Networks Inc.,None,[Sound Designer](https://www.simplyhired.com/job/ok8EP1emgJ9YA6qgSSuPoeRuzwLzVP2EJt2VAt5fEjH2JplsEpQuQQ?q=sound+designer),Sound Designer,https://www.simplyhired.com/job/ok8EP1emgJ9YA6qgSSuPoeRuzwLzVP2EJt2VAt5fEjH2JplsEpQuQQ?q=sound+designer,Recently,"Springfield, MA"
SimplyHired,sound designer,[Oculus](None),Oculus,None,[Sound Designer](https://www.simplyhired.com/job/lrR7KFpzHjTsUDFuolayQ-6FO82uPmvM1E5oP1dNCowmlxyFs4vu7A?q=sound+designer),Sound Designer,https://www.simplyhired.com/job/lrR7KFpzHjTsUDFuolayQ-6FO82uPmvM1E5oP1dNCowmlxyFs4vu7A?q=sound+designer,3d,"Menlo Park, CA +5 locations"
SimplyHired,sound designer,[WarnerMedia](None),WarnerMedia,None,[Audio Designer I](https://www.simplyhired.com/job/iXvk0QMDEAM1wLoTO71s4unN8ktGc-sAEbSx3-JzCDHkWvVnhD_mFA?q=sound+designer),Audio Designer I,https://www.simplyhired.com/job/iXvk0QMDEAM1wLoTO71s4unN8ktGc-sAEbSx3-JzCDHkWvVnhD_mFA?q=sound+designer,Recently,"Atlanta, GA +1 location"
SimplyHired,sound designer,[WarnerMedia](None),WarnerMedia,None,[Senior Sound Designer](https://www.simplyhired.com/job/AY2wzuuIM5eru6sYPL_FwYrclpjXgWQ1ZCFmjeGPQ2mp3sOAiK_fWA?q=sound+designer),Senior Sound Designer,https://www.simplyhired.com/job/AY2wzuuIM5eru6sYPL_FwYrclpjXgWQ1ZCFmjeGPQ2mp3sOAiK_fWA?q=sound+designer,Recently,"Kirkland, WA"
SimplyHired,unity developer,[BUNDLAR](None),BUNDLAR,None,[Unity & AR Developer](https://www.simplyhired.com/job/_lMd2ua0DbaRSuQoDpnfTzJtQkETMbeS4L6NHxDewL1IF_3vugI9sg?q=unity+developer),Unity & AR Developer,https://www.simplyhired.com/job/_lMd2ua0DbaRSuQoDpnfTzJtQkETMbeS4L6NHxDewL1IF_3vugI9sg?q=unity+developer,Recently,"Chicago, IL"
SimplyHired,unity developer,[BairesDev](None),BairesDev,None,[Senior Unity Developer |LATAM|](https://www.simplyhired.com/job/K9pYCs-_poAXeuBFRPsWcjl7hANnj_JiB-pjlxIk49ySwrvd-kpJVQ?q=unity+developer),Senior Unity Developer |LATAM|,https://www.simplyhired.com/job/K9pYCs-_poAXeuBFRPsWcjl7hANnj_JiB-pjlxIk49ySwrvd-kpJVQ?q=unity+developer,3d,"Colon, PA"
SimplyHired,unity developer,[Cornerstone Defense](None),Cornerstone Defense,None,[Unity 3D Developer](https://www.simplyhired.com/job/yn68nF0Ig6nbfbIiY8Bdcy88hBVPOlI992z5eTrHfNkGC7uWjCU_iQ?q=unity+developer),Unity 3D Developer,https://www.simplyhired.com/job/yn68nF0Ig6nbfbIiY8Bdcy88hBVPOlI992z5eTrHfNkGC7uWjCU_iQ?q=unity+developer,1d,"Salt Lake City, UT"
SimplyHired,unity developer,[Invonto](None),Invonto,None,[Unity Developer for AR development](https://www.simplyhired.com/job/jtad98QxnpF96Na52rQIXOph2Uxn-CBDe2hxZiBFhaAyu1yIv8LdMA?q=unity+developer),Unity Developer for AR development,https://www.simplyhired.com/job/jtad98QxnpF96Na52rQIXOph2Uxn-CBDe2hxZiBFhaAyu1yIv8LdMA?q=unity+developer,7d,United States
SimplyHired,unity developer,[Moth + Flame](None),Moth + Flame,None,[Unity VR Developer](https://www.simplyhired.com/job/ETOYY-71NleyyZp0cA75ceF_69ApBFg9x4om6ju4G42Vnfh20JttAw?q=unity+developer),Unity VR Developer,https://www.simplyhired.com/job/ETOYY-71NleyyZp0cA75ceF_69ApBFg9x4om6ju4G42Vnfh20JttAw?q=unity+developer,Recently,New York State
SimplyHired,unity developer,[Part Time Evil](None),Part Time Evil,None,[Unity Developer - Contract](https://www.simplyhired.com/job/iJGV1trbXl8xwWYMaNIhol-Xtw2gpdApckaPLuNAdNTWvUNcbny34w?q=unity+developer),Unity Developer - Contract,https://www.simplyhired.com/job/iJGV1trbXl8xwWYMaNIhol-Xtw2gpdApckaPLuNAdNTWvUNcbny34w?q=unity+developer,Recently,"Austin, TX"
SimplyHired,unity developer,[Rendever](None),Rendever,None,[Senior Unity Developer](https://www.simplyhired.com/job/HpyHuQBLSGAHbj99KPxmhHpJe-4OWqXdM0V9QnKBmArv77WdX7Iu2A?q=unity+developer),Senior Unity Developer,https://www.simplyhired.com/job/HpyHuQBLSGAHbj99KPxmhHpJe-4OWqXdM0V9QnKBmArv77WdX7Iu2A?q=unity+developer,Recently,"Boston, MA"
SimplyHired,unity developer,[Tales](None),Tales,None,[Senior Unity Developer](https://www.simplyhired.com/job/FYCF--oDzHeIaXJWXdgf2coLyHJnibT-qMk42A9EjXXd9UkWQgDD1w?q=unity+developer),Senior Unity Developer,https://www.simplyhired.com/job/FYCF--oDzHeIaXJWXdgf2coLyHJnibT-qMk42A9EjXXd9UkWQgDD1w?q=unity+developer,Recently,Remote
SimplyHired,unity developer,[Teaching.com](None),Teaching.com,None,[Unity Developer](https://www.simplyhired.com/job/YqztDWyIhS_-Gc2m4vmQwfpjDkDCy41PgJRE9RFp-RkZWKW2B-J4nA?q=unity+developer),Unity Developer,https://www.simplyhired.com/job/YqztDWyIhS_-Gc2m4vmQwfpjDkDCy41PgJRE9RFp-RkZWKW2B-J4nA?q=unity+developer,Recently,"San Juan, PR"
SimplyHired,unity developer,[Unit9](None),Unit9,None,[Unity Developer](https://www.simplyhired.com/job/y-Xlli23tahWEHyOjsWynMj-4bQiKCIV7aRRBICMzN3Yog9PCTXh3Q?q=unity+developer),Unity Developer,https://www.simplyhired.com/job/y-Xlli23tahWEHyOjsWynMj-4bQiKCIV7aRRBICMzN3Yog9PCTXh3Q?q=unity+developer,Recently,Remote
SimplyHired,unity developer,[WTS Paradigm](None),WTS Paradigm,None,[Unity Developer](https://www.simplyhired.com/job/iMogrU7qKIfONLKTZn9_-b2kAE4YWZXqVcab7L9dDSvQs834_v-4vw?q=unity+developer),Unity Developer,https://www.simplyhired.com/job/iMogrU7qKIfONLKTZn9_-b2kAE4YWZXqVcab7L9dDSvQs834_v-4vw?q=unity+developer,Recently,"Middleton, WI"
SimplyHired,creative designer,[Atomic](None),Atomic,None,[Freelance Designer](https://www.simplyhired.com/job/TJon-whzVjCH0zsViRUUCUZ3urcDuDycwbj6bASUXFRPB47XVx-8pg?q=creative+designer),Freelance Designer,https://www.simplyhired.com/job/TJon-whzVjCH0zsViRUUCUZ3urcDuDycwbj6bASUXFRPB47XVx-8pg?q=creative+designer,Recently,Remote
SimplyHired,creative designer,[Brafton](None),Brafton,None,[Designer/Illustrator (Remote)](https://www.simplyhired.com/job/I171jIhEeBU2O3Vf7XYR_DOa1irGdJ9CTIMv3rIDdeMRUo1iq8NWBg?q=creative+designer),Designer/Illustrator (Remote),https://www.simplyhired.com/job/I171jIhEeBU2O3Vf7XYR_DOa1irGdJ9CTIMv3rIDdeMRUo1iq8NWBg?q=creative+designer,Recently,Remote
SimplyHired,creative designer,[CALA](None),CALA,None,[Fashion Designer](https://www.simplyhired.com/job/xqmtcsVW6t35cLp_jNyZ2bUSgW2xzEzmeXYN73yqt8Wn-aehHVGzSg?q=creative+designer),Fashion Designer,https://www.simplyhired.com/job/xqmtcsVW6t35cLp_jNyZ2bUSgW2xzEzmeXYN73yqt8Wn-aehHVGzSg?q=creative+designer,Recently,Remote
SimplyHired,creative designer,[Central Intelligence Agency](None),Central Intelligence Agency,None,[Graphic Designer](https://www.simplyhired.com/job/oZGTIh3uBwV20ftxFYBMWoEQnnOoThDi7n9YsaFiipfP3yPWY8E0pQ?q=creative+designer),Graphic Designer,https://www.simplyhired.com/job/oZGTIh3uBwV20ftxFYBMWoEQnnOoThDi7n9YsaFiipfP3yPWY8E0pQ?q=creative+designer,Recently,"Washington, DC"
SimplyHired,creative designer,[CrowdStrike](None),CrowdStrike,None,[Creative Designer (Remote)](https://www.simplyhired.com/job/5ES9-o-zaG0BoUPcmM9o_p9b5k8LMIsdHrpwQltQ6PS1kYxXAMt2gg?q=creative+designer),Creative Designer (Remote),https://www.simplyhired.com/job/5ES9-o-zaG0BoUPcmM9o_p9b5k8LMIsdHrpwQltQ6PS1kYxXAMt2gg?q=creative+designer,6d,United States
SimplyHired,creative designer,[Deckers Brands](None),Deckers Brands,None,[Footwear Designer - UGG Women's](https://www.simplyhired.com/job/wdyHMj4H_2SSSEPawGJzgnR_S5TRv4qmmqcikjhSz_0x1jfSiNoTmA?q=creative+designer),Footwear Designer - UGG Women's,https://www.simplyhired.com/job/wdyHMj4H_2SSSEPawGJzgnR_S5TRv4qmmqcikjhSz_0x1jfSiNoTmA?q=creative+designer,Recently,"Goleta, CA"
SimplyHired,creative designer,[Good Monster](None),Good Monster,None,[Designer](https://www.simplyhired.com/job/fuIQ1Rp3O7f3yYrpzeoPSnSsuSbcMUdcmCtMWgojJFOrXs_RF5EROA?q=creative+designer),Designer,https://www.simplyhired.com/job/fuIQ1Rp3O7f3yYrpzeoPSnSsuSbcMUdcmCtMWgojJFOrXs_RF5EROA?q=creative+designer,6d,"Syracuse, NY"
SimplyHired,creative designer,[Knack Collective](None),Knack Collective,None,[Freelance Designer](https://www.simplyhired.com/job/2_tHPXtWaRm-ocZeG_YVNgbS3nRUqHFU5IjQw2qkBBJqd53Fxpzkgg?q=creative+designer),Freelance Designer,https://www.simplyhired.com/job/2_tHPXtWaRm-ocZeG_YVNgbS3nRUqHFU5IjQw2qkBBJqd53Fxpzkgg?q=creative+designer,Recently,"Seattle, WA"
SimplyHired,creative designer,[Michael Kors](None),Michael Kors,None,[Assistant Designer](https://www.simplyhired.com/job/7XQrhPGmcS0Zy0tZYskxp7MpqYN-AnsAuCKtJ_Eu1iHQ4Wu4_iiuCg?q=creative+designer),Assistant Designer,https://www.simplyhired.com/job/7XQrhPGmcS0Zy0tZYskxp7MpqYN-AnsAuCKtJ_Eu1iHQ4Wu4_iiuCg?q=creative+designer,Recently,"New York, NY"
SimplyHired,creative designer,[Nike](None),Nike,None,[North America Brand Creative Designer - Chicago](https://www.simplyhired.com/job/eit-dl8hpAPFM7TxgZY8Yx-JQ8xsc0Kq8tUSHJrW8qkzD8HLXa9rFw?q=creative+designer),North America Brand Creative Designer - Chicago,https://www.simplyhired.com/job/eit-dl8hpAPFM7TxgZY8Yx-JQ8xsc0Kq8tUSHJrW8qkzD8HLXa9rFw?q=creative+designer,Recently,"Chicago, IL"
SimplyHired,creative designer,[OXO Solutions](None),OXO Solutions,None,[Graphic Designer](https://www.simplyhired.com/job/BXUyWLRJM5GqlXxmpwBw-g_A_qs7M6-f7IDZTvQqqHxFROKtKw3p1Q?q=creative+designer),Graphic Designer,https://www.simplyhired.com/job/BXUyWLRJM5GqlXxmpwBw-g_A_qs7M6-f7IDZTvQqqHxFROKtKw3p1Q?q=creative+designer,Recently,"Adobe, AZ"
SimplyHired,digital designer,[Barrel](None),Barrel,None,[Digital Designer](https://www.simplyhired.com/job/2-RSsYvwrgq9gcQdjJ0vrYCanhJNcQu7gl_M_4hNn1fOMciZh89cGw?q=digital+designer),Digital Designer,https://www.simplyhired.com/job/2-RSsYvwrgq9gcQdjJ0vrYCanhJNcQu7gl_M_4hNn1fOMciZh89cGw?q=digital+designer,6d,Remote
SimplyHired,digital designer,[Canva](None),Canva,None,[Learning Experience Designer](https://www.simplyhired.com/job/9_5kaGyosawk7Xb9KYdgQobYEvkeOO2fjtSv42ufNWw52Oxl3z567g?q=digital+designer),Learning Experience Designer,https://www.simplyhired.com/job/9_5kaGyosawk7Xb9KYdgQobYEvkeOO2fjtSv42ufNWw52Oxl3z567g?q=digital+designer,8d,Remote
SimplyHired,digital designer,[Carmichael Lynch](None),Carmichael Lynch,None,[Junior Digital Designer](https://www.simplyhired.com/job/b0ZNyE4geDmvYWhRBGJmAhhC9POybsGMvu-TNK800dZod8wVOGGNbQ?q=digital+designer),Junior Digital Designer,https://www.simplyhired.com/job/b0ZNyE4geDmvYWhRBGJmAhhC9POybsGMvu-TNK800dZod8wVOGGNbQ?q=digital+designer,Recently,"Minneapolis, MN"
SimplyHired,digital designer,[Clutch](None),Clutch,None,[UI/Digital Designer](https://www.simplyhired.com/job/DNctS6kShSBevhW8BdTGmzBWjtz3SQMK0oYN7pUbfQstVdZ7mSGtZw?q=digital+designer),UI/Digital Designer,https://www.simplyhired.com/job/DNctS6kShSBevhW8BdTGmzBWjtz3SQMK0oYN7pUbfQstVdZ7mSGtZw?q=digital+designer,4d,"Detroit, MI"
SimplyHired,digital designer,[Eight Bit Studios](None),Eight Bit Studios,None,[Digital Product Designer (Remote)](https://www.simplyhired.com/job/kM5g79fLwo6uOSBb9LW7jXmGiMlEurYSmRz5SlB7WeITcGtJLDHP4g?q=digital+designer),Digital Product Designer (Remote),https://www.simplyhired.com/job/kM5g79fLwo6uOSBb9LW7jXmGiMlEurYSmRz5SlB7WeITcGtJLDHP4g?q=digital+designer,Today,"Chicago, IL"
SimplyHired,digital designer,[Federal Reserve Bank of Dallas](None),Federal Reserve Bank of Dallas,None,[Digital Designer](https://www.simplyhired.com/job/6hKVEVzXG6rQyY5nL_OxA43cla9EIPnBwWad996hjOguyhztWnYc2w?q=digital+designer),Digital Designer,https://www.simplyhired.com/job/6hKVEVzXG6rQyY5nL_OxA43cla9EIPnBwWad996hjOguyhztWnYc2w?q=digital+designer,6d,"Dallas, TX"
SimplyHired,digital designer,[Genome](None),Genome,None,[Digital Designer - Remote](https://www.simplyhired.com/job/URp_KkxYVER-Tu-Si3aFTcx6HRJPtblnI_0hQ7sYM5JQDbGZdGmggQ?q=digital+designer),Digital Designer - Remote,https://www.simplyhired.com/job/URp_KkxYVER-Tu-Si3aFTcx6HRJPtblnI_0hQ7sYM5JQDbGZdGmggQ?q=digital+designer,Recently,"New York, NY"
SimplyHired,digital designer,[Good Monster](None),Good Monster,None,[Designer](https://www.simplyhired.com/job/fuIQ1Rp3O7f3yYrpzeoPSnSsuSbcMUdcmCtMWgojJFOrXs_RF5EROA?q=digital+designer),Designer,https://www.simplyhired.com/job/fuIQ1Rp3O7f3yYrpzeoPSnSsuSbcMUdcmCtMWgojJFOrXs_RF5EROA?q=digital+designer,6d,"Syracuse, NY"
SimplyHired,digital designer,[Nike](None),Nike,None,[Digital Product Designer I - SNKRS](https://www.simplyhired.com/job/Qcds5WYf7jPHp-ZuCCodh0H7Oe-JRo8LicFhBdJZ6q31hIu6EHTskw?q=digital+designer),Digital Product Designer I - SNKRS,https://www.simplyhired.com/job/Qcds5WYf7jPHp-ZuCCodh0H7Oe-JRo8LicFhBdJZ6q31hIu6EHTskw?q=digital+designer,Recently,"New York, NY"
SimplyHired,digital designer,[Viramar Worldwide](None),Viramar Worldwide,None,[Digital Designer](https://www.simplyhired.com/job/pq0zgtgAAZenVQ0Izaj0nt7Ym2Y8jnThjyAt4jxCkjTBfPXVT5-hQA?q=digital+designer),Digital Designer,https://www.simplyhired.com/job/pq0zgtgAAZenVQ0Izaj0nt7Ym2Y8jnThjyAt4jxCkjTBfPXVT5-hQA?q=digital+designer,Recently,United States
SimplyHired,digital designer,[Yoko](None),Yoko,None,[Digital Designer](https://www.simplyhired.com/job/bq9kKXVDDCnilvfj5Xd1e-t8bjcli-06t-BDsAchim7FjtD8g-n3fA?q=digital+designer),Digital Designer,https://www.simplyhired.com/job/bq9kKXVDDCnilvfj5Xd1e-t8bjcli-06t-BDsAchim7FjtD8g-n3fA?q=digital+designer,Recently,Remote
SimplyHired,animation developer,"[Amazon Web Services, Inc.](None)","Amazon Web Services, Inc.",None,"[Technical Curriculum Developer - AWS Content Development Team (Videos, Labs, Diagrams)](https://www.simplyhired.com/job/Wj7kZF5ABiFd_cWXnLO3kUkodh3n3Cgzv97IibclAYdpLwOnqe5W-g?q=animation+developer)","Technical Curriculum Developer - AWS Content Development Team (Videos, Labs, Diagrams)",https://www.simplyhired.com/job/Wj7kZF5ABiFd_cWXnLO3kUkodh3n3Cgzv97IibclAYdpLwOnqe5W-g?q=animation+developer,Recently,Remote +1 location
SimplyHired,animation developer,[Comentum Corp](None),Comentum Corp,None,[Web Designer / Developer](https://www.simplyhired.com/job/Q3AiuT6xbcgOiGnXd8Q2EOBPVtWvzXw2tRtn6wxXf2-grSE0omUHrA?q=animation+developer),Web Designer / Developer,https://www.simplyhired.com/job/Q3AiuT6xbcgOiGnXd8Q2EOBPVtWvzXw2tRtn6wxXf2-grSE0omUHrA?q=animation+developer,Recently,"San Diego, CA"
SimplyHired,animation developer,[Deloitte](None),Deloitte,None,[Front End Web Developer Specialist](https://www.simplyhired.com/job/_D3U_HnohvsjltNZIeb6k6yxd7BZ9O3NO9uASgKflkWtY1S8NzN6CQ?q=animation+developer),Front End Web Developer Specialist,https://www.simplyhired.com/job/_D3U_HnohvsjltNZIeb6k6yxd7BZ9O3NO9uASgKflkWtY1S8NzN6CQ?q=animation+developer,11d,"West Palm Beach, FL +119 locations"
SimplyHired,animation developer,[Disney Streaming](None),Disney Streaming,None,"[Sr Software Engineer, Living Room Devices (UWP)](https://www.simplyhired.com/job/-G4fowxSIlqkT-NluPHpBBUMCLu6nO08X7AZcIhi66hIY5HZbCNL3g?q=animation+developer)","Sr Software Engineer, Living Room Devices (UWP)",https://www.simplyhired.com/job/-G4fowxSIlqkT-NluPHpBBUMCLu6nO08X7AZcIhi66hIY5HZbCNL3g?q=animation+developer,11d,"New York, NY"
SimplyHired,animation developer,[Fujitsu](None),Fujitsu,None,[Virtual Reality Developer](https://www.simplyhired.com/job/Ze0_EzKZMF6qsd2ygOdSng4xTCczyMc5vVJCuigrRKiw6GfiGXIV-A?q=animation+developer),Virtual Reality Developer,https://www.simplyhired.com/job/Ze0_EzKZMF6qsd2ygOdSng4xTCczyMc5vVJCuigrRKiw6GfiGXIV-A?q=animation+developer,Recently,"Seattle, WA"
SimplyHired,animation developer,[Invonto](None),Invonto,None,[Unity Developer for AR development](https://www.simplyhired.com/job/jtad98QxnpF96Na52rQIXOph2Uxn-CBDe2hxZiBFhaAyu1yIv8LdMA?q=animation+developer),Unity Developer for AR development,https://www.simplyhired.com/job/jtad98QxnpF96Na52rQIXOph2Uxn-CBDe2hxZiBFhaAyu1yIv8LdMA?q=animation+developer,7d,United States
SimplyHired,animation developer,[Moth + Flame](None),Moth + Flame,None,[Unity VR Developer](https://www.simplyhired.com/job/ETOYY-71NleyyZp0cA75ceF_69ApBFg9x4om6ju4G42Vnfh20JttAw?q=animation+developer),Unity VR Developer,https://www.simplyhired.com/job/ETOYY-71NleyyZp0cA75ceF_69ApBFg9x4om6ju4G42Vnfh20JttAw?q=animation+developer,Recently,New York State
SimplyHired,animation developer,[Rescue Agency](None),Rescue Agency,None,[Web Developer](https://www.simplyhired.com/job/8Te5erWK_XgcEmUM1C9zRZOqvcGjsv5PGUswMBAZcXTcL43nFgYiQw?q=animation+developer),Web Developer,https://www.simplyhired.com/job/8Te5erWK_XgcEmUM1C9zRZOqvcGjsv5PGUswMBAZcXTcL43nFgYiQw?q=animation+developer,11d,"Los Angeles, CA +4 locations"
SimplyHired,animation developer,[StudioLabs](None),StudioLabs,None,[Frontend/Javascript Developers](https://www.simplyhired.com/job/L-MBZ2hZ6dhfbZ39DXg0OyfTDuLpUKdMkC_19rt_6ui09NKd8a4y_w?q=animation+developer),Frontend/Javascript Developers,https://www.simplyhired.com/job/L-MBZ2hZ6dhfbZ39DXg0OyfTDuLpUKdMkC_19rt_6ui09NKd8a4y_w?q=animation+developer,Recently,New York State
SimplyHired,animation developer,[Ubisoft](None),Ubisoft,None,[Animation Programmer](https://www.simplyhired.com/job/dC0QSzZm1vOh9s6vGNBqHJhnnV2jh9qmfZpWh3SbhU0ZDN3T0yUHcw?q=animation+developer),Animation Programmer,https://www.simplyhired.com/job/dC0QSzZm1vOh9s6vGNBqHJhnnV2jh9qmfZpWh3SbhU0ZDN3T0yUHcw?q=animation+developer,8d,"Ontario, CA"
SimplyHired,animation developer,[Wyze Labs](None),Wyze Labs,None,[Front End Engineer](https://www.simplyhired.com/job/rneGOJdLAVLUxtTkKVoWmTEZ2u9-Sb12Pymoa98mzb_K6GXgedJ7-A?q=animation+developer),Front End Engineer,https://www.simplyhired.com/job/rneGOJdLAVLUxtTkKVoWmTEZ2u9-Sb12Pymoa98mzb_K6GXgedJ7-A?q=animation+developer,Recently,"Kirkland, WA"
SimplyHired,digital developer,"[Agilent Technologies, Inc.](None)","Agilent Technologies, Inc.",None,[UX Designer](https://www.simplyhired.com/job/ecbxQG_jjiIPnOBAQqPTfzL_RJO21rOdceTQgy2c7_xMIB5gdrRVig?q=digital+developer),UX Designer,https://www.simplyhired.com/job/ecbxQG_jjiIPnOBAQqPTfzL_RJO21rOdceTQgy2c7_xMIB5gdrRVig?q=digital+developer,Recently,"Santa Clara, CA"
SimplyHired,digital developer,[Blue Cross and Blue Shield of North Carolina](None),Blue Cross and Blue Shield of North Carolina,None,[Digital Applications Developer](https://www.simplyhired.com/job/1-4GgL1_YfLc3A6GJJqqMEOxK24n73zRmJ1xrVoUtrtJSrApi75gag?q=digital+developer),Digital Applications Developer,https://www.simplyhired.com/job/1-4GgL1_YfLc3A6GJJqqMEOxK24n73zRmJ1xrVoUtrtJSrApi75gag?q=digital+developer,Recently,Remote
SimplyHired,digital developer,[Cognizant Technology Solutions](None),Cognizant Technology Solutions,None,[UI Developer](https://www.simplyhired.com/job/OPKvoa71lSy0A3CwgskwnldXNXWDS_yH4U5_dOoGMmKLydMUPG02bw?q=digital+developer),UI Developer,https://www.simplyhired.com/job/OPKvoa71lSy0A3CwgskwnldXNXWDS_yH4U5_dOoGMmKLydMUPG02bw?q=digital+developer,5d,"Brawley, CA +6 locations"
SimplyHired,digital developer,[Curriculum Associates](None),Curriculum Associates,None,[Content Developer](https://www.simplyhired.com/job/nyfUeiPG6xURPWWjmDLnMaJkOWlf-RBRrj162LRWcAr79w93E2JCZQ?q=digital+developer),Content Developer,https://www.simplyhired.com/job/nyfUeiPG6xURPWWjmDLnMaJkOWlf-RBRrj162LRWcAr79w93E2JCZQ?q=digital+developer,Recently,Remote
SimplyHired,digital developer,"[Datagrate, Inc.](None)","Datagrate, Inc.",None,[Remote Jr. Java Software Developer](https://www.simplyhired.com/job/G-OBtUEbt285o_0RpepdDCSrGiu2RvSnJ5VPIZyHue69hPdCnnsvzg?q=digital+developer),Remote Jr. Java Software Developer,https://www.simplyhired.com/job/G-OBtUEbt285o_0RpepdDCSrGiu2RvSnJ5VPIZyHue69hPdCnnsvzg?q=digital+developer,6d,Remote +1 location
SimplyHired,digital developer,[Genome](None),Genome,None,[Digital Designer - Remote](https://www.simplyhired.com/job/URp_KkxYVER-Tu-Si3aFTcx6HRJPtblnI_0hQ7sYM5JQDbGZdGmggQ?q=digital+developer),Digital Designer - Remote,https://www.simplyhired.com/job/URp_KkxYVER-Tu-Si3aFTcx6HRJPtblnI_0hQ7sYM5JQDbGZdGmggQ?q=digital+developer,Recently,"New York, NY"
SimplyHired,digital developer,[MIT](None),MIT,None,"[Software Engineer, Digital Currency Initiative (DCI)](https://www.simplyhired.com/job/Vk8wB83r3JcKqiflQLdfrJkOF1i2aBSLKV-_sDJ2x1pKpG-73dlFtQ?q=digital+developer)","Software Engineer, Digital Currency Initiative (DCI)",https://www.simplyhired.com/job/Vk8wB83r3JcKqiflQLdfrJkOF1i2aBSLKV-_sDJ2x1pKpG-73dlFtQ?q=digital+developer,7d,"Cambridge, MA"
SimplyHired,digital developer,[New Apprenticeship](None),New Apprenticeship,None,[IT Developer + Apprentice](https://www.simplyhired.com/job/F92ACIDDeRRpLA9cR5OXtH4aQMnaypYKynE3-aZ61nmDLs3vnG5IJw?q=digital+developer),IT Developer + Apprentice,https://www.simplyhired.com/job/F92ACIDDeRRpLA9cR5OXtH4aQMnaypYKynE3-aZ61nmDLs3vnG5IJw?q=digital+developer,5d,"Raleigh, NC +4 locations"
SimplyHired,digital developer,[Pearson](None),Pearson,None,[Digital Math Content Developer](https://www.simplyhired.com/job/fbCzw1n92zK5rooBcuJfYQgvwAYpSF45O1AOj2HZZIfgmrajX5sUaQ?q=digital+developer),Digital Math Content Developer,https://www.simplyhired.com/job/fbCzw1n92zK5rooBcuJfYQgvwAYpSF45O1AOj2HZZIfgmrajX5sUaQ?q=digital+developer,Recently,"Frankfort, KY +51 locations"
SimplyHired,digital developer,[VS Media Inc](None),VS Media Inc,None,[Frontend HTML/CSS Developer](https://www.simplyhired.com/job/Ui77Jrt3FhboK6vrrYmnZ1rKoeW0lD3FABX7hrMl0XAe2ZO3D6s1Og?q=digital+developer),Frontend HTML/CSS Developer,https://www.simplyhired.com/job/Ui77Jrt3FhboK6vrrYmnZ1rKoeW0lD3FABX7hrMl0XAe2ZO3D6s1Og?q=digital+developer,Recently,"Westlake Village, CA"
SimplyHired,digital developer,[bohan](None),bohan,None,[Digital Designer/HTML5 Ad Developer](https://www.simplyhired.com/job/JrJguRgHc_hB5Te_cBc2TJia3V3h3te_16F6KDGu8HoLIBn4lwl3SQ?q=digital+developer),Digital Designer/HTML5 Ad Developer,https://www.simplyhired.com/job/JrJguRgHc_hB5Te_cBc2TJia3V3h3te_16F6KDGu8HoLIBn4lwl3SQ?q=digital+developer,Recently,"Nashville, TN"
SimplyHired,interactive developer,[1POINT21 Interactive](None),1POINT21 Interactive,None,[Jr. Web Developer](https://www.simplyhired.com/job/5pPsVLgB1cD_NG7mvDk7wMao72ov8DkpTvcddGZV16VT_ECoCbhAxQ?q=interactive+developer),Jr. Web Developer,https://www.simplyhired.com/job/5pPsVLgB1cD_NG7mvDk7wMao72ov8DkpTvcddGZV16VT_ECoCbhAxQ?q=interactive+developer,Recently,"San Diego, CA"
SimplyHired,interactive developer,[Auburn University](None),Auburn University,None,[TES - Web Developer](https://www.simplyhired.com/job/f7lWQus6grjrmhA_yRcM-65_81xG2pLWeIHPIHL4I3WxNHXh8_rbVQ?q=interactive+developer),TES - Web Developer,https://www.simplyhired.com/job/f7lWQus6grjrmhA_yRcM-65_81xG2pLWeIHPIHL4I3WxNHXh8_rbVQ?q=interactive+developer,Recently,"Auburn, AL"
SimplyHired,interactive developer,[Bundle Benefits](None),Bundle Benefits,None,[Early Childhood Development Lesson Plan Developer](https://www.simplyhired.com/job/l1h5G94Kz7CYokanuYf5LaCy1D7fdSz1w-9D2dQ5CT1hQat3dyoQ_A?q=interactive+developer),Early Childhood Development Lesson Plan Developer,https://www.simplyhired.com/job/l1h5G94Kz7CYokanuYf5LaCy1D7fdSz1w-9D2dQ5CT1hQat3dyoQ_A?q=interactive+developer,Recently,Remote
SimplyHired,interactive developer,[Cognizant Technology Solutions](None),Cognizant Technology Solutions,None,[UI Developer](https://www.simplyhired.com/job/OPKvoa71lSy0A3CwgskwnldXNXWDS_yH4U5_dOoGMmKLydMUPG02bw?q=interactive+developer),UI Developer,https://www.simplyhired.com/job/OPKvoa71lSy0A3CwgskwnldXNXWDS_yH4U5_dOoGMmKLydMUPG02bw?q=interactive+developer,5d,"Brawley, CA +4 locations"
SimplyHired,interactive developer,[Epic Games](None),Epic Games,None,[Game Tester (Contract)](https://www.simplyhired.com/job/fXQVisS9lohkdG-WdukAFYKbzy5NbHdvQMGiJ7T_hLLiS-mhKWZsyQ?q=interactive+developer),Game Tester (Contract),https://www.simplyhired.com/job/fXQVisS9lohkdG-WdukAFYKbzy5NbHdvQMGiJ7T_hLLiS-mhKWZsyQ?q=interactive+developer,Recently,"Cary, NC"
SimplyHired,interactive developer,[ONeil Interactive](None),ONeil Interactive,None,[JavaScript Developer](https://www.simplyhired.com/job/dnHG9TlA_rYlLTw69qIEbIjh4QTfAxtfJrzi10Q9G4MS6_P6SWkJNw?q=interactive+developer),JavaScript Developer,https://www.simplyhired.com/job/dnHG9TlA_rYlLTw69qIEbIjh4QTfAxtfJrzi10Q9G4MS6_P6SWkJNw?q=interactive+developer,Recently,"Hunt Valley, MD"
SimplyHired,interactive developer,[Phoenix Technology Partners](None),Phoenix Technology Partners,None,[Web Developer / HTML](https://www.simplyhired.com/job/qw9FcgPvZvJsOYrxWptMWLBFFvzIP4Uvb9y2f59U3lbF46Idu1tW1Q?q=interactive+developer),Web Developer / HTML,https://www.simplyhired.com/job/qw9FcgPvZvJsOYrxWptMWLBFFvzIP4Uvb9y2f59U3lbF46Idu1tW1Q?q=interactive+developer,Recently,"New York, NY"
SimplyHired,interactive developer,[Pinnacle Group](None),Pinnacle Group,None,[Sr Front End Developer - Interactive](https://www.simplyhired.com/job/d6qbhTr5qwpxwh3TKY4UInwFK1mEIxV1e4dei_S3zKtxxroXsJsl7A?q=interactive+developer),Sr Front End Developer - Interactive,https://www.simplyhired.com/job/d6qbhTr5qwpxwh3TKY4UInwFK1mEIxV1e4dei_S3zKtxxroXsJsl7A?q=interactive+developer,Recently,"Sunnyvale, CA +1 location"
SimplyHired,interactive developer,[Urban Influence](None),Urban Influence,None,[Jr. FrontEnd Developer](https://www.simplyhired.com/job/Xz9Atdw7mfoItJ4yEQ-8UM9fIIVLu1390x5aa66EMX6z9YGbJqrywA?q=interactive+developer),Jr. FrontEnd Developer,https://www.simplyhired.com/job/Xz9Atdw7mfoItJ4yEQ-8UM9fIIVLu1390x5aa66EMX6z9YGbJqrywA?q=interactive+developer,Recently,"Seattle, WA"
SimplyHired,interactive developer,[VS Media Inc](None),VS Media Inc,None,[Frontend HTML/CSS Developer](https://www.simplyhired.com/job/Ui77Jrt3FhboK6vrrYmnZ1rKoeW0lD3FABX7hrMl0XAe2ZO3D6s1Og?q=interactive+developer),Frontend HTML/CSS Developer,https://www.simplyhired.com/job/Ui77Jrt3FhboK6vrrYmnZ1rKoeW0lD3FABX7hrMl0XAe2ZO3D6s1Og?q=interactive+developer,Recently,"Westlake Village, CA"
SimplyHired,interactive developer,[Wiley](None),Wiley,None,[Content Technology Developer](https://www.simplyhired.com/job/sqdUHG02_IT0uI26MPZUbivvLbSI5PnjgodxUCroFcDRwY-TiesnFw?q=interactive+developer),Content Technology Developer,https://www.simplyhired.com/job/sqdUHG02_IT0uI26MPZUbivvLbSI5PnjgodxUCroFcDRwY-TiesnFw?q=interactive+developer,Today,United States
SimplyHired,sound developer,[Blizzard Entertainment](None),Blizzard Entertainment,None,"[Software Engineer, Audio - World of Warcraft](https://www.simplyhired.com/job/u7Po7DquD2X1RMsh30BtKNsyH0SCHXEGsPJhZL7kc1YKg5_os7Drcg?q=sound+developer)","Software Engineer, Audio - World of Warcraft",https://www.simplyhired.com/job/u7Po7DquD2X1RMsh30BtKNsyH0SCHXEGsPJhZL7kc1YKg5_os7Drcg?q=sound+developer,Recently,"Irvine, CA"
SimplyHired,sound developer,[Electronic Arts](None),Electronic Arts,None,[Audio Software Engineer - C++ (Apex Legends)](https://www.simplyhired.com/job/ZOCQYvbOp-8aUXBrmN35pbPd0-nsRFzI_OH4aW-tPm4C0_PIcI_wPw?q=sound+developer),Audio Software Engineer - C++ (Apex Legends),https://www.simplyhired.com/job/ZOCQYvbOp-8aUXBrmN35pbPd0-nsRFzI_OH4aW-tPm4C0_PIcI_wPw?q=sound+developer,Recently,"Los Angeles, CA"
SimplyHired,sound developer,[Euromoney Institutional Investor PLC](None),Euromoney Institutional Investor PLC,None,[HTML Admin / Developer](https://www.simplyhired.com/job/jwLhiAcY_Zw1CgFA0nCnTM-Vn_Yki02x42fg7cwPQekIL7fV1gsDMw?q=sound+developer),HTML Admin / Developer,https://www.simplyhired.com/job/jwLhiAcY_Zw1CgFA0nCnTM-Vn_Yki02x42fg7cwPQekIL7fV1gsDMw?q=sound+developer,Recently,"New York, NY"
SimplyHired,sound developer,[IPVideo](None),IPVideo,None,[Software Engineer](https://www.simplyhired.com/job/NVJF-udYQoVpg5UA_v-azw4_tSobHdOaWsDP4EHLrDKYYoxUwDkuwQ?q=sound+developer),Software Engineer,https://www.simplyhired.com/job/NVJF-udYQoVpg5UA_v-azw4_tSobHdOaWsDP4EHLrDKYYoxUwDkuwQ?q=sound+developer,Recently,"Bay Shore, NY"
SimplyHired,sound developer,[MIKEL](None),MIKEL,None,[JUNIOR DEVELOPER](https://www.simplyhired.com/job/UuTP9BRnEZ2TLwk_lCkPx9JCCBnZxkMD_ygR0bESrwkl4WvOlHLCvw?q=sound+developer),JUNIOR DEVELOPER,https://www.simplyhired.com/job/UuTP9BRnEZ2TLwk_lCkPx9JCCBnZxkMD_ygR0bESrwkl4WvOlHLCvw?q=sound+developer,Recently,"Middletown, RI"
SimplyHired,sound developer,"[MOTU, Inc.](None)","MOTU, Inc.",None,[Software Engineer - Music/Audio Applications](https://www.simplyhired.com/job/VuLJ-igMUjfIMfjwleX6wwPZbjhPLCU5FU_neKZXVevucWcq5lQRNg?q=sound+developer),Software Engineer - Music/Audio Applications,https://www.simplyhired.com/job/VuLJ-igMUjfIMfjwleX6wwPZbjhPLCU5FU_neKZXVevucWcq5lQRNg?q=sound+developer,Recently,"Cambridge, MA"
SimplyHired,sound developer,[Motorola Solutions](None),Motorola Solutions,None,[Entry Level Audio Software Engineer](https://www.simplyhired.com/job/qZEUwpbjReuL90-_bfLjkRvEBlfGp7S32DqZgYkrjZjO3H1SSDCiNg?q=sound+developer),Entry Level Audio Software Engineer,https://www.simplyhired.com/job/qZEUwpbjReuL90-_bfLjkRvEBlfGp7S32DqZgYkrjZjO3H1SSDCiNg?q=sound+developer,Recently,"Plantation, FL"
SimplyHired,sound developer,[Oculus](None),Oculus,None,[Gameplay/Audio Engineer - Sanzaru Games](https://www.simplyhired.com/job/LvRq5NZkePG_3P7zmfhLuc3ZWsDQSZds-yCsi2RjyXbH6hAR3XjsLQ?q=sound+developer),Gameplay/Audio Engineer - Sanzaru Games,https://www.simplyhired.com/job/LvRq5NZkePG_3P7zmfhLuc3ZWsDQSZds-yCsi2RjyXbH6hAR3XjsLQ?q=sound+developer,Recently,Remote +1 location
SimplyHired,sound developer,[SoundExchange](None),SoundExchange,None,[lead software engineer – sound recording distribution processing](https://www.simplyhired.com/job/5rUezSIGm9-MYtRj5helvTgzwI3NM8AqVevRN3Wfdtn4z8UcdxpfQA?q=sound+developer),lead software engineer – sound recording distribution processing,https://www.simplyhired.com/job/5rUezSIGm9-MYtRj5helvTgzwI3NM8AqVevRN3Wfdtn4z8UcdxpfQA?q=sound+developer,Recently,"Washington, DC"
SimplyHired,sound developer,[Tesla](None),Tesla,None,"[Audio DSP Engineer, Infotainment](https://www.simplyhired.com/job/JmwPYXnifugf1WDNUPzfcsMt0Wkxggj5mLHDqnGhckAy8-hKz-szYQ?q=sound+developer)","Audio DSP Engineer, Infotainment",https://www.simplyhired.com/job/JmwPYXnifugf1WDNUPzfcsMt0Wkxggj5mLHDqnGhckAy8-hKz-szYQ?q=sound+developer,Recently,"Palo Alto, CA"
SimplyHired,sound developer,[Zigen](None),Zigen,None,[AUDIO DSP FIRMWARE ENGINEER](https://www.simplyhired.com/job/UvIVie_9qrolsu7Nhq12lRWZUN0_kryS-Zex-C7gOutJuX7nkV_tqA?q=sound+developer),AUDIO DSP FIRMWARE ENGINEER,https://www.simplyhired.com/job/UvIVie_9qrolsu7Nhq12lRWZUN0_kryS-Zex-C7gOutJuX7nkV_tqA?q=sound+developer,Recently,"Lake Balboa, CA"
SimplyHired,creative coder,[Messenger](None),Messenger,None,[Creative Coder - AR Creative](https://www.simplyhired.com/job/C5nYPxq6w1zVGRDLoM25hVZpVPnSYPnACG5Z0WuN_ZbElzIQEro0ow?q=creative+coder),Creative Coder - AR Creative,https://www.simplyhired.com/job/C5nYPxq6w1zVGRDLoM25hVZpVPnSYPnACG5Z0WuN_ZbElzIQEro0ow?q=creative+coder,Recently,"Menlo Park, CA"
SimplyHired,creative coder,[Roger Christian and CO](None),Roger Christian and CO,None,[Email Marketing Coding Specialist](https://www.simplyhired.com/job/7LWQf26jL_vw9ErooodO1UuI-M4cutNtyzCP9RC9Gi25LRvYtVVhUw?q=creative+coder),Email Marketing Coding Specialist,https://www.simplyhired.com/job/7LWQf26jL_vw9ErooodO1UuI-M4cutNtyzCP9RC9Gi25LRvYtVVhUw?q=creative+coder,Recently,"San Antonio, TX"
SimplyHired,creative coder,[Simplify Compliance](None),Simplify Compliance,None,[Content Specialist/Revenue Cycle Editor](https://www.simplyhired.com/job/acVfD9f6fgApMSqewpq25PCyn-XHSUPl9UNP9oruU3juOpeBnrhqLQ?q=creative+coder),Content Specialist/Revenue Cycle Editor,https://www.simplyhired.com/job/acVfD9f6fgApMSqewpq25PCyn-XHSUPl9UNP9oruU3juOpeBnrhqLQ?q=creative+coder,5d,Remote
SimplyHired,creative coder,[Texas Department of Insurance](None),Texas Department of Insurance,None,[Health Market Analyst (00018690)](https://www.simplyhired.com/job/yvwmWHFFyLsuGxa4699_3eHeuawznRlezuunGjmiCFebR_a3zvbpew?q=creative+coder),Health Market Analyst (00018690),https://www.simplyhired.com/job/yvwmWHFFyLsuGxa4699_3eHeuawznRlezuunGjmiCFebR_a3zvbpew?q=creative+coder,Recently,"Austin, TX"
SimplyHired,creative coder,[fpo Marketin](None),fpo Marketin,None,[Email Marketing Coding Specialist](https://www.simplyhired.com/job/Hf3MM4Qn8akXMF0WbaDJDmoPCvV6MwAh-gNeo8x7Sa_CE6yd7DRg5w?q=creative+coder),Email Marketing Coding Specialist,https://www.simplyhired.com/job/Hf3MM4Qn8akXMF0WbaDJDmoPCvV6MwAh-gNeo8x7Sa_CE6yd7DRg5w?q=creative+coder,Recently,"San Antonio, TX"
SimplyHired,audio engineer,[Cambrick Yard](None),Cambrick Yard,None,"[Podcast Writer, Producer, Audio Engineer](https://www.simplyhired.com/job/IzlGWVVS8PEGLuSQxc0BavjwmNjdcdvNy98ombLVFNN2s-ctxX2qtg?q=audio+engineer)","Podcast Writer, Producer, Audio Engineer",https://www.simplyhired.com/job/IzlGWVVS8PEGLuSQxc0BavjwmNjdcdvNy98ombLVFNN2s-ctxX2qtg?q=audio+engineer,Recently,Remote
SimplyHired,audio engineer,[DDB North America](None),DDB North America,None,[Audio Engineer](https://www.simplyhired.com/job/WuXY7IYaI27d94XWRCpppOtmlkoa8qqiuX91yiqzXYqJsUTUaoh5OA?q=audio+engineer),Audio Engineer,https://www.simplyhired.com/job/WuXY7IYaI27d94XWRCpppOtmlkoa8qqiuX91yiqzXYqJsUTUaoh5OA?q=audio+engineer,Recently,"Chicago, IL"
SimplyHired,audio engineer,[Dow Jones](None),Dow Jones,None,"[Audio Engineer, WSJ Podcasts](https://www.simplyhired.com/job/eIwURIFS6t7gjVytvCgNRglrZAHGoRU8JlQDZPeBHkf7vOrPDB9Yyg?q=audio+engineer)","Audio Engineer, WSJ Podcasts",https://www.simplyhired.com/job/eIwURIFS6t7gjVytvCgNRglrZAHGoRU8JlQDZPeBHkf7vOrPDB9Yyg?q=audio+engineer,Recently,"New York, NY"
SimplyHired,audio engineer,[Facebook App](None),Facebook App,None,[Audio Engineer](https://www.simplyhired.com/job/hdyqKVOxRMpgbok5aViHQQgkAaIY0Cif2UiX4rBQddy3EvVN_lWrlQ?q=audio+engineer),Audio Engineer,https://www.simplyhired.com/job/hdyqKVOxRMpgbok5aViHQQgkAaIY0Cif2UiX4rBQddy3EvVN_lWrlQ?q=audio+engineer,9d,"Menlo Park, CA +1 location"
SimplyHired,audio engineer,[Live Nation](None),Live Nation,None,[Audio Engineer- Fillmore Minneapolis](https://www.simplyhired.com/job/qxyI3F8rgd1nvxD8la3Ml7kDXjN-oTFnXlPji6sw6va4sB87ufYJXA?q=audio+engineer),Audio Engineer- Fillmore Minneapolis,https://www.simplyhired.com/job/qxyI3F8rgd1nvxD8la3Ml7kDXjN-oTFnXlPji6sw6va4sB87ufYJXA?q=audio+engineer,11d,"Minneapolis, MN"
SimplyHired,audio engineer,[Los Angeles Times](None),Los Angeles Times,None,"[Audio Engineer, Podcasts](https://www.simplyhired.com/job/eOW4Qu-nvbF6roe5jor4QkXP6C-VW7w81_J69uM7syx0CNEjERlfbg?q=audio+engineer)","Audio Engineer, Podcasts",https://www.simplyhired.com/job/eOW4Qu-nvbF6roe5jor4QkXP6C-VW7w81_J69uM7syx0CNEjERlfbg?q=audio+engineer,1d,Remote
SimplyHired,audio engineer,[MediaInVision PLC](None),MediaInVision PLC,None,[Audio Recording Engineer](https://www.simplyhired.com/job/jlxEGdNwFsqeIO-5xByk8PRkrLCpkzLgeM-Y76ehDzu_Gx_OI6Yarg?q=audio+engineer),Audio Recording Engineer,https://www.simplyhired.com/job/jlxEGdNwFsqeIO-5xByk8PRkrLCpkzLgeM-Y76ehDzu_Gx_OI6Yarg?q=audio+engineer,Recently,"Los Angeles, CA"
SimplyHired,audio engineer,[ShadoWorld Entertainment Inc](None),ShadoWorld Entertainment Inc,None,[RECORDING STUDIO ENGINEER](https://www.simplyhired.com/job/LuUo1uNsflz97Kc2VUvstOqF-GlyVnesKKVECsAsCY7m3CzEC5ML1A?q=audio+engineer),RECORDING STUDIO ENGINEER,https://www.simplyhired.com/job/LuUo1uNsflz97Kc2VUvstOqF-GlyVnesKKVECsAsCY7m3CzEC5ML1A?q=audio+engineer,Recently,"Los Angeles, CA"
SimplyHired,audio engineer,[TSV Sound and Vision](None),TSV Sound and Vision,None,[AUDIO ENGINEER](https://www.simplyhired.com/job/XLOlOob_qYwp3iMjKa2nR26u-fLC8eOJ837vjOZ2K9zD-R0X7iWDMA?q=audio+engineer),AUDIO ENGINEER,https://www.simplyhired.com/job/XLOlOob_qYwp3iMjKa2nR26u-fLC8eOJ837vjOZ2K9zD-R0X7iWDMA?q=audio+engineer,Recently,"St. Louis, MO"
SimplyHired,audio engineer,[The Center for the Performing Arts Box Office at the Palladium](None),The Center for the Performing Arts Box Office at the Palladium,None,[Lead Audio Engineer](https://www.simplyhired.com/job/oh-PSYaYsyzagFIaVUqavoc9J2zbZCavFL8qRHp8HgQDWDBPaZLYlg?q=audio+engineer),Lead Audio Engineer,https://www.simplyhired.com/job/oh-PSYaYsyzagFIaVUqavoc9J2zbZCavFL8qRHp8HgQDWDBPaZLYlg?q=audio+engineer,4d,"Carmel, IN"
SimplyHired,audio engineer,[The New York Times](None),The New York Times,None,"[Audio Engineer, Opinion Audio](https://www.simplyhired.com/job/Gs4saVuCwroG4fcRI2veQm3QwxF50AHUa0fy6z87sC2uEdHgaX_9ww?q=audio+engineer)","Audio Engineer, Opinion Audio",https://www.simplyhired.com/job/Gs4saVuCwroG4fcRI2veQm3QwxF50AHUa0fy6z87sC2uEdHgaX_9ww?q=audio+engineer,Recently,"New York, NY"
SimplyHired,digital platform,[C Spire](None),C Spire,None,[Digital Solutions Advocate](https://www.simplyhired.com/job/DHu1QbrlhWx_d358fGmUc_ZSdTOcX4l_wylKtFZmpTiLFXcgv6kf-w?q=digital+platform),Digital Solutions Advocate,https://www.simplyhired.com/job/DHu1QbrlhWx_d358fGmUc_ZSdTOcX4l_wylKtFZmpTiLFXcgv6kf-w?q=digital+platform,Today,Remote
SimplyHired,digital platform,[Canva](None),Canva,None,[Learning Experience Designer](https://www.simplyhired.com/job/9_5kaGyosawk7Xb9KYdgQobYEvkeOO2fjtSv42ufNWw52Oxl3z567g?q=digital+platform),Learning Experience Designer,https://www.simplyhired.com/job/9_5kaGyosawk7Xb9KYdgQobYEvkeOO2fjtSv42ufNWw52Oxl3z567g?q=digital+platform,8d,Remote
SimplyHired,digital platform,[Jerry](None),Jerry,None,[Freelance Writer (Remote)](https://www.simplyhired.com/job/pCWqezKepVtmxh-SUGXN0CrniC6l70awNWg3jAcXnMrwhlp9FE0atA?q=digital+platform),Freelance Writer (Remote),https://www.simplyhired.com/job/pCWqezKepVtmxh-SUGXN0CrniC6l70awNWg3jAcXnMrwhlp9FE0atA?q=digital+platform,1d,"St. Louis, MO +24 locations"
SimplyHired,digital platform,[Jerry](None),Jerry,None,[Entry Level Content Writer](https://www.simplyhired.com/job/es_NAOoSTuTXTUOkVeaEYk_YIYOkDSvMnTpfcn9WCN7rP0CzTG1-vA?q=digital+platform),Entry Level Content Writer,https://www.simplyhired.com/job/es_NAOoSTuTXTUOkVeaEYk_YIYOkDSvMnTpfcn9WCN7rP0CzTG1-vA?q=digital+platform,1d,"Tampa, FL +27 locations"
SimplyHired,digital platform,[Jerry](None),Jerry,None,[Freelance Writer](https://www.simplyhired.com/job/_LDB7fTwGVcHR1F9nIsYf5FdByeJP2q-6cLJKji2tMHFO6pHobKDEw?q=digital+platform),Freelance Writer,https://www.simplyhired.com/job/_LDB7fTwGVcHR1F9nIsYf5FdByeJP2q-6cLJKji2tMHFO6pHobKDEw?q=digital+platform,Recently,United States +1 location
SimplyHired,digital platform,[ModSquad](None),ModSquad,None,[Tier 1 Moderation - German - Video Game Platform](https://www.simplyhired.com/job/dTkaXmVbSnBqDI_iUy9p8-eLhbh8ZYlo4axO7o5VOjHG7PKDvlbqmQ?q=digital+platform),Tier 1 Moderation - German - Video Game Platform,https://www.simplyhired.com/job/dTkaXmVbSnBqDI_iUy9p8-eLhbh8ZYlo4axO7o5VOjHG7PKDvlbqmQ?q=digital+platform,1d,Remote
SimplyHired,digital platform,[Neiman Marcus](None),Neiman Marcus,None,[Digital Stylist](https://www.simplyhired.com/job/NlZQA0VlNcQanY1EgUgUq9L0N3qC3nd4Mth2LKk2QWfBntrqo_l0uQ?q=digital+platform),Digital Stylist,https://www.simplyhired.com/job/NlZQA0VlNcQanY1EgUgUq9L0N3qC3nd4Mth2LKk2QWfBntrqo_l0uQ?q=digital+platform,Recently,"New York, NY +3 locations"
SimplyHired,digital platform,[QVC](None),QVC,None,[Data Entry Assistant](https://www.simplyhired.com/job/L7mLzY2h68udXTB4FX-9T9nkVb360DzqRzp7P0vxHFYDWAWb_n0BDg?q=digital+platform),Data Entry Assistant,https://www.simplyhired.com/job/L7mLzY2h68udXTB4FX-9T9nkVb360DzqRzp7P0vxHFYDWAWb_n0BDg?q=digital+platform,5d,"West Chester, PA"
SimplyHired,digital platform,"[TitanHouse, Inc.](None)","TitanHouse, Inc.",None,[Customer Success Manager - Remote Eligible](https://www.simplyhired.com/job/MT6N_zex5gjyxBfLaRbN3v04lBRI1Lqd1GZ7Rho0cKBdnq_38joxkA?q=digital+platform),Customer Success Manager - Remote Eligible,https://www.simplyhired.com/job/MT6N_zex5gjyxBfLaRbN3v04lBRI1Lqd1GZ7Rho0cKBdnq_38joxkA?q=digital+platform,2d,Remote
SimplyHired,digital platform,[WEBTOON Entertainment](None),WEBTOON Entertainment,None,[Content Moderator I Contract](https://www.simplyhired.com/job/FgVkm7r2oDJowILn56cdM4nJIghSVNY0_l0h4yWxXN6WP8ambFTkAw?q=digital+platform),Content Moderator I Contract,https://www.simplyhired.com/job/FgVkm7r2oDJowILn56cdM4nJIghSVNY0_l0h4yWxXN6WP8ambFTkAw?q=digital+platform,Recently,"Los Angeles, CA"
SimplyHired,digital platform,[WarnerMedia](None),WarnerMedia,None,[Digital Pricing&Yield Analyst](https://www.simplyhired.com/job/jp0RpPzWTqoojAgW9yLTcsHBg-lGfU_fIFrXbRoa2-Q0DcI4yGhF-w?q=digital+platform),Digital Pricing&Yield Analyst,https://www.simplyhired.com/job/jp0RpPzWTqoojAgW9yLTcsHBg-lGfU_fIFrXbRoa2-Q0DcI4yGhF-w?q=digital+platform,Today,"New York, NY"
SimplyHired,graphic designer,[American Partner Solutions](None),American Partner Solutions,None,[Graphic Designer](https://www.simplyhired.com/job/B1wblzscVQjbe2nuF5YpHRuFTNrUgZ1Wsp6YhCjzfgWwuFYSvK88jA?q=graphic+designer),Graphic Designer,https://www.simplyhired.com/job/B1wblzscVQjbe2nuF5YpHRuFTNrUgZ1Wsp6YhCjzfgWwuFYSvK88jA?q=graphic+designer,Today,"Tampa, FL"
SimplyHired,graphic designer,[Central Intelligence Agency](None),Central Intelligence Agency,None,[Graphic Designer](https://www.simplyhired.com/job/oZGTIh3uBwV20ftxFYBMWoEQnnOoThDi7n9YsaFiipfP3yPWY8E0pQ?q=graphic+designer),Graphic Designer,https://www.simplyhired.com/job/oZGTIh3uBwV20ftxFYBMWoEQnnOoThDi7n9YsaFiipfP3yPWY8E0pQ?q=graphic+designer,Recently,"Washington, DC"
SimplyHired,graphic designer,[Crisp Inc](None),Crisp Inc,None,[Graphic Designer](https://www.simplyhired.com/job/Vhb27zXKqKnAxGVTudENV-5bw7kHv4EYYJbeqb767t-1nervu3ov-w?q=graphic+designer),Graphic Designer,https://www.simplyhired.com/job/Vhb27zXKqKnAxGVTudENV-5bw7kHv4EYYJbeqb767t-1nervu3ov-w?q=graphic+designer,Today,Remote
SimplyHired,graphic designer,[Dallas Independent School District](None),Dallas Independent School District,None,[Graphic Designer (226 Days)](https://www.simplyhired.com/job/oNjDR9Byamm1siRvcHEdeal6S4bwtwSScgE8wkx_uI-mSQtbUS3OFA?q=graphic+designer),Graphic Designer (226 Days),https://www.simplyhired.com/job/oNjDR9Byamm1siRvcHEdeal6S4bwtwSScgE8wkx_uI-mSQtbUS3OFA?q=graphic+designer,4d,"Dallas, TX"
SimplyHired,graphic designer,[DecksDirect](None),DecksDirect,None,[Graphic Designer](https://www.simplyhired.com/job/FnIv80Bmq9MzvX2Q0aC-z-ws6EciKK9KvQ7fYg9rvgkUoC3giZhOtQ?q=graphic+designer),Graphic Designer,https://www.simplyhired.com/job/FnIv80Bmq9MzvX2Q0aC-z-ws6EciKK9KvQ7fYg9rvgkUoC3giZhOtQ?q=graphic+designer,Today,"Plymouth, MN"
SimplyHired,graphic designer,"[Disney Parks, Experiences and Products](None)","Disney Parks, Experiences and Products",None,[Asst Graphic Designer](https://www.simplyhired.com/job/Dpyy_bfsmPUfccoRIWNvJngcTWfc-tJfI_K0xVr0NIlVmKvJmM0bxw?q=graphic+designer),Asst Graphic Designer,https://www.simplyhired.com/job/Dpyy_bfsmPUfccoRIWNvJngcTWfc-tJfI_K0xVr0NIlVmKvJmM0bxw?q=graphic+designer,13d,"Kissimmee, FL"
SimplyHired,graphic designer,[GUESS?. INC.](None),GUESS?. INC.,None,[Junior Graphic Designer](https://www.simplyhired.com/job/N-i53Hs10rsX1Hr_s00YehnUjHRHpMwSXOlipDL59cKBA_yr145x0w?q=graphic+designer),Junior Graphic Designer,https://www.simplyhired.com/job/N-i53Hs10rsX1Hr_s00YehnUjHRHpMwSXOlipDL59cKBA_yr145x0w?q=graphic+designer,Recently,"Los Angeles, CA"
SimplyHired,graphic designer,[Home Depot / THD](None),Home Depot / THD,None,[Graphic Designer (Remote)](https://www.simplyhired.com/job/pWrJSP-H1_nE4Ur5RynpSQGX6L9wITwLP3ER_YYnJLwXSRH75KxA8Q?q=graphic+designer),Graphic Designer (Remote),https://www.simplyhired.com/job/pWrJSP-H1_nE4Ur5RynpSQGX6L9wITwLP3ER_YYnJLwXSRH75KxA8Q?q=graphic+designer,7d,"Atlanta, GA"
SimplyHired,graphic designer,[ICF](None),ICF,None,[Junior Graphic Designer](https://www.simplyhired.com/job/u1673ko0xQuj08YwGYiU6u0sUZom9T44Jg-Gzi1JmveuKIL78hHohg?q=graphic+designer),Junior Graphic Designer,https://www.simplyhired.com/job/u1673ko0xQuj08YwGYiU6u0sUZom9T44Jg-Gzi1JmveuKIL78hHohg?q=graphic+designer,Recently,"Fairfax, VA"
SimplyHired,graphic designer,[OXO Solutions](None),OXO Solutions,None,[Graphic Designer](https://www.simplyhired.com/job/BXUyWLRJM5GqlXxmpwBw-g_A_qs7M6-f7IDZTvQqqHxFROKtKw3p1Q?q=graphic+designer),Graphic Designer,https://www.simplyhired.com/job/BXUyWLRJM5GqlXxmpwBw-g_A_qs7M6-f7IDZTvQqqHxFROKtKw3p1Q?q=graphic+designer,Recently,"Adobe, AZ"
SimplyHired,graphic designer,[Thunderfoot](None),Thunderfoot,None,[Graphic Designer](https://www.simplyhired.com/job/t-Xp0It3Bu2ycipZtN9bbAAaxKoyPkGDpKJ_M8tAobBBzb9Hej0FUw?q=graphic+designer),Graphic Designer,https://www.simplyhired.com/job/t-Xp0It3Bu2ycipZtN9bbAAaxKoyPkGDpKJ_M8tAobBBzb9Hej0FUw?q=graphic+designer,8d,"New York, NY +1 location"
SimplyHired,graphic artist,[Centric Brands](None),Centric Brands,None,[Graphic Artist - Sleepwear (REMOTE)](https://www.simplyhired.com/job/Nkt80WNrESv8-QoChyVBz9xYHA311B_bW-5dkAg48xSKVlgfBOlP_g?q=graphic+artist),Graphic Artist - Sleepwear (REMOTE),https://www.simplyhired.com/job/Nkt80WNrESv8-QoChyVBz9xYHA311B_bW-5dkAg48xSKVlgfBOlP_g?q=graphic+artist,Recently,"New York, NY"
SimplyHired,graphic artist,[Good Monster](None),Good Monster,None,[Content Creator](https://www.simplyhired.com/job/qz_lQ44-9qnB3184TblYErGnMHMtvYZoRlAX8iEfn3CLckbF8i72iA?q=graphic+artist),Content Creator,https://www.simplyhired.com/job/qz_lQ44-9qnB3184TblYErGnMHMtvYZoRlAX8iEfn3CLckbF8i72iA?q=graphic+artist,6d,"Syracuse, NY"
SimplyHired,graphic artist,[International Mission Board](None),International Mission Board,None,[Graphic Design Artist - contract](https://www.simplyhired.com/job/GgqF7mxO1Rmm1TlhMe0Dk7HG9mrCC0UvIWWVv2NAQQkh_O61pbTYEg?q=graphic+artist),Graphic Design Artist - contract,https://www.simplyhired.com/job/GgqF7mxO1Rmm1TlhMe0Dk7HG9mrCC0UvIWWVv2NAQQkh_O61pbTYEg?q=graphic+artist,Recently,United States
SimplyHired,graphic artist,[Player One Trailers](None),Player One Trailers,None,[Motion Graphics Artist](https://www.simplyhired.com/job/o7JNjkkpxWZ8FVv59hp4qeMYLHQlKsrgcs6dQbZndNH-QEfHxPYWbg?q=graphic+artist),Motion Graphics Artist,https://www.simplyhired.com/job/o7JNjkkpxWZ8FVv59hp4qeMYLHQlKsrgcs6dQbZndNH-QEfHxPYWbg?q=graphic+artist,Recently,"Bellingham, WA"
SimplyHired,graphic artist,[Ramen Tatsu-ya](None),Ramen Tatsu-ya,None,[Graphic Artist](https://www.simplyhired.com/job/6rc1bJWJU2xUogcHCwTS4nsEg_AczhxUxcpRssuY_23AoKe24Q2DJA?q=graphic+artist),Graphic Artist,https://www.simplyhired.com/job/6rc1bJWJU2xUogcHCwTS4nsEg_AczhxUxcpRssuY_23AoKe24Q2DJA?q=graphic+artist,Recently,"Austin, TX"
SimplyHired,graphic artist,[SGK](None),SGK,None,[Production Artist](https://www.simplyhired.com/job/fiDkBfoleByIDSnYQ6C3ZfF9Uftgk018uOl6eEuW4h_ZgFUYpF-1PA?q=graphic+artist),Production Artist,https://www.simplyhired.com/job/fiDkBfoleByIDSnYQ6C3ZfF9Uftgk018uOl6eEuW4h_ZgFUYpF-1PA?q=graphic+artist,Recently,"Redmond, WA"
SimplyHired,graphic artist,[SM&A](None),SM&A,None,[Graphic Artist](https://www.simplyhired.com/job/drsdry12tMjQVs2SfFbBT8B0bDh2C5WD0NA8-ZKI5zI8nc43F8P5Kg?q=graphic+artist),Graphic Artist,https://www.simplyhired.com/job/drsdry12tMjQVs2SfFbBT8B0bDh2C5WD0NA8-ZKI5zI8nc43F8P5Kg?q=graphic+artist,Recently,"San Diego, CA +4 locations"
SimplyHired,graphic artist,[SM&A](None),SM&A,None,[Graphic Artist For Sensors](https://www.simplyhired.com/job/PoxnB16a7HgIXZWAoYjKON0lj1apWd99f_VrIR-wdG3BcJ0iHOwqcQ?q=graphic+artist),Graphic Artist For Sensors,https://www.simplyhired.com/job/PoxnB16a7HgIXZWAoYjKON0lj1apWd99f_VrIR-wdG3BcJ0iHOwqcQ?q=graphic+artist,Recently,"Charlotte, NC"
SimplyHired,graphic artist,[Toughbuilt](None),Toughbuilt,None,[Graphic Production Artist](https://www.simplyhired.com/job/NrsxkG12w-UaGBFjKJNQHtASzFtNPo54ACgRxGVYS7QRlUS_A8qYJg?q=graphic+artist),Graphic Production Artist,https://www.simplyhired.com/job/NrsxkG12w-UaGBFjKJNQHtASzFtNPo54ACgRxGVYS7QRlUS_A8qYJg?q=graphic+artist,12d,"Los Angeles, CA +1 location"
SimplyHired,graphic artist,[WarnerMedia](None),WarnerMedia,None,[Freelance Graphic Artist](https://www.simplyhired.com/job/j-lyJ7LoUaB1iFrXgXzBaickg9Mx8cwXwOQdeCErZQ1eZDcUgt6A8g?q=graphic+artist),Freelance Graphic Artist,https://www.simplyhired.com/job/j-lyJ7LoUaB1iFrXgXzBaickg9Mx8cwXwOQdeCErZQ1eZDcUgt6A8g?q=graphic+artist,Recently,"Atlanta, GA"
SimplyHired,graphic artist,[sgsco](None),sgsco,None,[Production Artist - Part-Time | Work-at-Home](https://www.simplyhired.com/job/MLUxX5rtrSAJjSLB5gVCQbmyFyeYbSPXysa6MsAt2wiPHdpg1Eg7NA?q=graphic+artist),Production Artist - Part-Time | Work-at-Home,https://www.simplyhired.com/job/MLUxX5rtrSAJjSLB5gVCQbmyFyeYbSPXysa6MsAt2wiPHdpg1Eg7NA?q=graphic+artist,Recently,United States +1 location
SimplyHired,graphic developer,[American Partner Solutions](None),American Partner Solutions,None,[Graphic Designer](https://www.simplyhired.com/job/B1wblzscVQjbe2nuF5YpHRuFTNrUgZ1Wsp6YhCjzfgWwuFYSvK88jA?q=graphic+developer),Graphic Designer,https://www.simplyhired.com/job/B1wblzscVQjbe2nuF5YpHRuFTNrUgZ1Wsp6YhCjzfgWwuFYSvK88jA?q=graphic+developer,Today,"Tampa, FL"
SimplyHired,graphic developer,[ArthurPaige](None),ArthurPaige,None,[UI Developer](https://www.simplyhired.com/job/jRAjVCGU-ZUqQQzIF6bN-NEcGwr6CjgC7ENemtkPDaKkRyyS79thJg?q=graphic+developer),UI Developer,https://www.simplyhired.com/job/jRAjVCGU-ZUqQQzIF6bN-NEcGwr6CjgC7ENemtkPDaKkRyyS79thJg?q=graphic+developer,Recently,"Fort Meade, MD"
SimplyHired,graphic developer,[Camping World](None),Camping World,None,[UI Developer](https://www.simplyhired.com/job/9OW5ToqHB9EcaDvmx8_4hN3HKcie3SEo9sh0gXCoDpetgMDL70hwSw?q=graphic+developer),UI Developer,https://www.simplyhired.com/job/9OW5ToqHB9EcaDvmx8_4hN3HKcie3SEo9sh0gXCoDpetgMDL70hwSw?q=graphic+developer,Recently,"Lincolnshire, IL"
SimplyHired,graphic developer,[Crunchapps](None),Crunchapps,None,[Junior Web Developer](https://www.simplyhired.com/job/WCG3OHgVbBDAUjwPBcN_6NksBp6TgvlNJA5BKtraUn2U_yHM1Ue0Xg?q=graphic+developer),Junior Web Developer,https://www.simplyhired.com/job/WCG3OHgVbBDAUjwPBcN_6NksBp6TgvlNJA5BKtraUn2U_yHM1Ue0Xg?q=graphic+developer,Recently,"New York, NY"
SimplyHired,graphic developer,[DecksDirect](None),DecksDirect,None,[Graphic Designer](https://www.simplyhired.com/job/FnIv80Bmq9MzvX2Q0aC-z-ws6EciKK9KvQ7fYg9rvgkUoC3giZhOtQ?q=graphic+developer),Graphic Designer,https://www.simplyhired.com/job/FnIv80Bmq9MzvX2Q0aC-z-ws6EciKK9KvQ7fYg9rvgkUoC3giZhOtQ?q=graphic+developer,Today,"Plymouth, MN"
SimplyHired,graphic developer,[Makani Networks](None),Makani Networks,None,[GUI Designer/Developer](https://www.simplyhired.com/job/vqCwz-7L1WiyQ3Q99E-Qq9M4YBsfkUyBVLQJ_Zdxo65ltF5kn2xkkQ?q=graphic+developer),GUI Designer/Developer,https://www.simplyhired.com/job/vqCwz-7L1WiyQ3Q99E-Qq9M4YBsfkUyBVLQJ_Zdxo65ltF5kn2xkkQ?q=graphic+developer,Recently,"San Francisco, CA"
SimplyHired,graphic developer,[National Louis University](None),National Louis University,None,[Web Developer](https://www.simplyhired.com/job/NUuNRlN9iqWp-v3ho2_xcc70wDOZWeOyuczwMWA38JMktM9rH1itDA?q=graphic+developer),Web Developer,https://www.simplyhired.com/job/NUuNRlN9iqWp-v3ho2_xcc70wDOZWeOyuczwMWA38JMktM9rH1itDA?q=graphic+developer,1d,"Chicago, IL"
SimplyHired,graphic developer,[Shaker](None),Shaker,None,[Frontend Developer](https://www.simplyhired.com/job/4qkcnLvOBaG0y7T0O3ml3r65Xwl36Lv2kXmwUr8Ccu57ZS4FSV7aDQ?q=graphic+developer),Frontend Developer,https://www.simplyhired.com/job/4qkcnLvOBaG0y7T0O3ml3r65Xwl36Lv2kXmwUr8Ccu57ZS4FSV7aDQ?q=graphic+developer,11d,Remote
SimplyHired,graphic developer,[Source Enterprises](None),Source Enterprises,None,[Software / Web Developer](https://www.simplyhired.com/job/_t-w65ICz3oyDFdtqv18FeKFXcqU6Ufn4x368xqUpvCjKiMtrxvK-w?q=graphic+developer),Software / Web Developer,https://www.simplyhired.com/job/_t-w65ICz3oyDFdtqv18FeKFXcqU6Ufn4x368xqUpvCjKiMtrxvK-w?q=graphic+developer,Recently,"New York, NY"
SimplyHired,graphic developer,[Thunderfoot](None),Thunderfoot,None,[Graphic Designer](https://www.simplyhired.com/job/t-Xp0It3Bu2ycipZtN9bbAAaxKoyPkGDpKJ_M8tAobBBzb9Hej0FUw?q=graphic+developer),Graphic Designer,https://www.simplyhired.com/job/t-Xp0It3Bu2ycipZtN9bbAAaxKoyPkGDpKJ_M8tAobBBzb9Hej0FUw?q=graphic+developer,8d,"New York, NY +1 location"
SimplyHired,graphic developer,[USC](None),USC,None,[Web Developer I](https://www.simplyhired.com/job/z1cEPH890ZusNaU-YRxgZLTMoXsQuJWxX5N10vjNCraN9o6DC_CiQA?q=graphic+developer),Web Developer I,https://www.simplyhired.com/job/z1cEPH890ZusNaU-YRxgZLTMoXsQuJWxX5N10vjNCraN9o6DC_CiQA?q=graphic+developer,7d,"Marina del Rey, CA"
SimplyHired,graphic engineer,[Acclaro Translating Global Business](None),Acclaro Translating Global Business,None,[Localization Engineer](https://www.simplyhired.com/job/t8JamYYBqu3D9dFAH7VhlQIwoys_7kCSibBJi6OSTZ99_OZsKod30Q?q=graphic+engineer),Localization Engineer,https://www.simplyhired.com/job/t8JamYYBqu3D9dFAH7VhlQIwoys_7kCSibBJi6OSTZ99_OZsKod30Q?q=graphic+engineer,Recently,Remote
SimplyHired,graphic engineer,[American Partner Solutions](None),American Partner Solutions,None,[Graphic Designer](https://www.simplyhired.com/job/B1wblzscVQjbe2nuF5YpHRuFTNrUgZ1Wsp6YhCjzfgWwuFYSvK88jA?q=graphic+engineer),Graphic Designer,https://www.simplyhired.com/job/B1wblzscVQjbe2nuF5YpHRuFTNrUgZ1Wsp6YhCjzfgWwuFYSvK88jA?q=graphic+engineer,Today,"Tampa, FL"
SimplyHired,graphic engineer,[Cirque du Soleil](None),Cirque du Soleil,None,[Audio Engineer (Part-Time)](https://www.simplyhired.com/job/VbY7f_ha0LlOw12XmguqBvvUtHpFMz_70fyl7jE1jl7hcKSXrAagdA?q=graphic+engineer),Audio Engineer (Part-Time),https://www.simplyhired.com/job/VbY7f_ha0LlOw12XmguqBvvUtHpFMz_70fyl7jE1jl7hcKSXrAagdA?q=graphic+engineer,Recently,"New York, NY"
SimplyHired,graphic engineer,[Delta](None),Delta,None,[UX Designer](https://www.simplyhired.com/job/u1NcnHvCH691WuPS1LIZlLyArm7gr2LjK8H91RT_mD3RXoqJ6EtHCQ?q=graphic+engineer),UX Designer,https://www.simplyhired.com/job/u1NcnHvCH691WuPS1LIZlLyArm7gr2LjK8H91RT_mD3RXoqJ6EtHCQ?q=graphic+engineer,Recently,"Atlanta, GA"
SimplyHired,graphic engineer,[Facebook App](None),Facebook App,None,[Performance Engineer](https://www.simplyhired.com/job/oNrYzu6mV5XCk-boTaHWJSGWFzRQT_6bqInavY13_M6jhTw5s5Bapw?q=graphic+engineer),Performance Engineer,https://www.simplyhired.com/job/oNrYzu6mV5XCk-boTaHWJSGWFzRQT_6bqInavY13_M6jhTw5s5Bapw?q=graphic+engineer,Today,Remote +2 locations
SimplyHired,graphic engineer,[HP](None),HP,None,[College Hire - Electrical Hardware Design Engineer](https://www.simplyhired.com/job/yURtuuVstmh48F3GHwgzz0lfVamse779bqGD5h77td6IpB4NZiezPA?q=graphic+engineer),College Hire - Electrical Hardware Design Engineer,https://www.simplyhired.com/job/yURtuuVstmh48F3GHwgzz0lfVamse779bqGD5h77td6IpB4NZiezPA?q=graphic+engineer,5d,"Boise, ID"
SimplyHired,graphic engineer,[Makani Networks](None),Makani Networks,None,[Senior Functional Test Engineer](https://www.simplyhired.com/job/ISDTz8mZnzI81G_5280MynSU6zU1fcNmldNuUcrJQ9p-kPeFQ6ynxg?q=graphic+engineer),Senior Functional Test Engineer,https://www.simplyhired.com/job/ISDTz8mZnzI81G_5280MynSU6zU1fcNmldNuUcrJQ9p-kPeFQ6ynxg?q=graphic+engineer,Recently,"San Francisco, CA"
SimplyHired,graphic engineer,[NBCUniversal](None),NBCUniversal,None,[Network Engineer](https://www.simplyhired.com/job/DwdZ1F89_UneM2quiDbHQ0GUfrWEcddOSHdhP1MfNAlY8i1WNpuALQ?q=graphic+engineer),Network Engineer,https://www.simplyhired.com/job/DwdZ1F89_UneM2quiDbHQ0GUfrWEcddOSHdhP1MfNAlY8i1WNpuALQ?q=graphic+engineer,Today,"List, CA"
SimplyHired,graphic engineer,[NVIDIA](None),NVIDIA,None,[Thermal Engineer - New College Grad](https://www.simplyhired.com/job/9VMawBXpR6zJ7VibBx1oXMnENPZC-vbdbKpUJZMHoOI0F0gPuBBSxg?q=graphic+engineer),Thermal Engineer - New College Grad,https://www.simplyhired.com/job/9VMawBXpR6zJ7VibBx1oXMnENPZC-vbdbKpUJZMHoOI0F0gPuBBSxg?q=graphic+engineer,Recently,"Santa Clara, CA"
SimplyHired,graphic engineer,[Pearson](None),Pearson,None,[Software Engineer - React - Global Platform Services](https://www.simplyhired.com/job/fe32mlelEusB9UwWNav9EbJxwEXIGOmbMmBabScgn7MX2x1NBRdpuA?q=graphic+engineer),Software Engineer - React - Global Platform Services,https://www.simplyhired.com/job/fe32mlelEusB9UwWNav9EbJxwEXIGOmbMmBabScgn7MX2x1NBRdpuA?q=graphic+engineer,Recently,"Dover, DE +50 locations"
SimplyHired,graphic engineer,[Walt Disney Animation Studios](None),Walt Disney Animation Studios,None,[Sr. Software Engineer - Rendering](https://www.simplyhired.com/job/oZkCv2NYBDXLXR7w9tF02H9X0s5t6PHynkGtiERpAhOnt7HWw55k7A?q=graphic+engineer),Sr. Software Engineer - Rendering,https://www.simplyhired.com/job/oZkCv2NYBDXLXR7w9tF02H9X0s5t6PHynkGtiERpAhOnt7HWw55k7A?q=graphic+engineer,Recently,"Burbank, CA"
SimplyHired,ux designer,[Accenture](None),Accenture,None,[UX Designer](https://www.simplyhired.com/job/VYttZcbkM45XbvL3pOUcWRDYK8Zf3xRegt4aRx8Gjz9ljZCXJQFKKg?q=ux+designer),UX Designer,https://www.simplyhired.com/job/VYttZcbkM45XbvL3pOUcWRDYK8Zf3xRegt4aRx8Gjz9ljZCXJQFKKg?q=ux+designer,1d,"New York, NY +3 locations"
SimplyHired,ux designer,[Brilliant Experience](None),Brilliant Experience,None,[Junior UX Designer](https://www.simplyhired.com/job/ubD08dZczeT7l5ymphpEC9iiVoKAv_7YuwF782GGSpZWVAMktT0Jwg?q=ux+designer),Junior UX Designer,https://www.simplyhired.com/job/ubD08dZczeT7l5ymphpEC9iiVoKAv_7YuwF782GGSpZWVAMktT0Jwg?q=ux+designer,Recently,"New York, NY"
SimplyHired,ux designer,[Bushel](None),Bushel,None,[Product Designer](https://www.simplyhired.com/job/JRHZLHLHr84N2389KkgT74jhqNkebSWvhfMLn-6Jzujc1aS54JhJEA?q=ux+designer),Product Designer,https://www.simplyhired.com/job/JRHZLHLHr84N2389KkgT74jhqNkebSWvhfMLn-6Jzujc1aS54JhJEA?q=ux+designer,Today,United States
SimplyHired,ux designer,[Delta](None),Delta,None,[UX Designer](https://www.simplyhired.com/job/u1NcnHvCH691WuPS1LIZlLyArm7gr2LjK8H91RT_mD3RXoqJ6EtHCQ?q=ux+designer),UX Designer,https://www.simplyhired.com/job/u1NcnHvCH691WuPS1LIZlLyArm7gr2LjK8H91RT_mD3RXoqJ6EtHCQ?q=ux+designer,Recently,"Atlanta, GA"
SimplyHired,ux designer,[Delta](None),Delta,None,[UI Developer / UX Designer](https://www.simplyhired.com/job/jaZt8T4anN3wZq7RAGLF3AZXf36JmnMoii3ss1r62uE8rkxVtwUcMw?q=ux+designer),UI Developer / UX Designer,https://www.simplyhired.com/job/jaZt8T4anN3wZq7RAGLF3AZXf36JmnMoii3ss1r62uE8rkxVtwUcMw?q=ux+designer,Recently,"Atlanta, GA"
SimplyHired,ux designer,[Facebook App](None),Facebook App,None,[Content Designer](https://www.simplyhired.com/job/4uKgNl-FoJrHW9iAdbAqlyTIVGiFhU7ztLXh-ORcndl1oMZHvxU2DA?q=ux+designer),Content Designer,https://www.simplyhired.com/job/4uKgNl-FoJrHW9iAdbAqlyTIVGiFhU7ztLXh-ORcndl1oMZHvxU2DA?q=ux+designer,Today,"New York, NY +15 locations"
SimplyHired,ux designer,"[JPMorgan Chase Bank, N.A.](None)","JPMorgan Chase Bank, N.A.",None,[UX Designer - cxLoyalty](https://www.simplyhired.com/job/gCYv0SFyyIEZt0M8kWIYK8LXVT7PF42ASGQiK1x8bbtaYdrLU7AJug?q=ux+designer),UX Designer - cxLoyalty,https://www.simplyhired.com/job/gCYv0SFyyIEZt0M8kWIYK8LXVT7PF42ASGQiK1x8bbtaYdrLU7AJug?q=ux+designer,Today,"Eden Prairie, MN +1 location"
SimplyHired,ux designer,[Kernel Labs](None),Kernel Labs,None,[UX Designer](https://www.simplyhired.com/job/9BhPbFIyQqNkvLITxpe-qoONnbmEUBiNRRIM1J0809hBpM748-WeZg?q=ux+designer),UX Designer,https://www.simplyhired.com/job/9BhPbFIyQqNkvLITxpe-qoONnbmEUBiNRRIM1J0809hBpM748-WeZg?q=ux+designer,Today,"Seattle, WA"
SimplyHired,ux designer,[System1](None),System1,None,[UI/UX Designer](https://www.simplyhired.com/job/OwLfOiPtwMHwHN_1s1VXhZkv8hlV8V3WO4pcUKf9TKAkRrmCykIzMA?q=ux+designer),UI/UX Designer,https://www.simplyhired.com/job/OwLfOiPtwMHwHN_1s1VXhZkv8hlV8V3WO4pcUKf9TKAkRrmCykIzMA?q=ux+designer,Today,"Los Angeles, CA"
SimplyHired,ux designer,[System1](None),System1,None,[Senior UX Designer](https://www.simplyhired.com/job/zohy6u_L9xNYes_CLNiKyZwztYP49DtQhV4aO1TM2039NJq5O7CCOw?q=ux+designer),Senior UX Designer,https://www.simplyhired.com/job/zohy6u_L9xNYes_CLNiKyZwztYP49DtQhV4aO1TM2039NJq5O7CCOw?q=ux+designer,Today,"Seattle, WA +1 location"
SimplyHired,ux designer,[Toyota](None),Toyota,None,[UX/UI Designer](https://www.simplyhired.com/job/60riqb3QvZr5fI8f_jjEk2ScwSYt9HYK1J2wQhwD4gxte2UY1ONYww?q=ux+designer),UX/UI Designer,https://www.simplyhired.com/job/60riqb3QvZr5fI8f_jjEk2ScwSYt9HYK1J2wQhwD4gxte2UY1ONYww?q=ux+designer,1d,"Plano, TX"
SimplyHired,ux engineer,[Adobe](None),Adobe,None,[UI Engineer](https://www.simplyhired.com/job/FtjMFfBnPAzWYrzcoI9mnPUivaZ97lxOI27GI6ZJ5pAYO-dVOr3M-g?q=ux+engineer),UI Engineer,https://www.simplyhired.com/job/FtjMFfBnPAzWYrzcoI9mnPUivaZ97lxOI27GI6ZJ5pAYO-dVOr3M-g?q=ux+engineer,Recently,"Lehi, UT"
SimplyHired,ux engineer,[Club Automation](None),Club Automation,None,[Associate UI Engineer (Remote)](https://www.simplyhired.com/job/HDcnZ8pOPWgTedjuZPBqSu9AorloJ7lAdR-ghULgXiCwNwAjP_QjLw?q=ux+engineer),Associate UI Engineer (Remote),https://www.simplyhired.com/job/HDcnZ8pOPWgTedjuZPBqSu9AorloJ7lAdR-ghULgXiCwNwAjP_QjLw?q=ux+engineer,13d,"Bannockburn, IL"
SimplyHired,ux engineer,[Delta](None),Delta,None,[UI Developer / UX Designer](https://www.simplyhired.com/job/jaZt8T4anN3wZq7RAGLF3AZXf36JmnMoii3ss1r62uE8rkxVtwUcMw?q=ux+engineer),UI Developer / UX Designer,https://www.simplyhired.com/job/jaZt8T4anN3wZq7RAGLF3AZXf36JmnMoii3ss1r62uE8rkxVtwUcMw?q=ux+engineer,Recently,"Atlanta, GA"
SimplyHired,ux engineer,[Disney Media & Entertainment Distribution](None),Disney Media & Entertainment Distribution,None,[UX Engineer I](https://www.simplyhired.com/job/s1l49rdTjApyd2lhp3dTU7hVdAKJHlg5cCwZx1oPbElR5ioBJ9uqyg?q=ux+engineer),UX Engineer I,https://www.simplyhired.com/job/s1l49rdTjApyd2lhp3dTU7hVdAKJHlg5cCwZx1oPbElR5ioBJ9uqyg?q=ux+engineer,Recently,"Burbank, CA +1 location"
SimplyHired,ux engineer,[Google](None),Google,None,"[UX Engineer, Front End, Early Career](https://www.simplyhired.com/job/MiSO4-3prJTRGBFgOtvkydbrfA_arnJDkj2-dF29v85WjgP21ofyAw?q=ux+engineer)","UX Engineer, Front End, Early Career",https://www.simplyhired.com/job/MiSO4-3prJTRGBFgOtvkydbrfA_arnJDkj2-dF29v85WjgP21ofyAw?q=ux+engineer,Recently,"San Francisco, CA"
SimplyHired,ux engineer,[Google](None),Google,None,"[UX Engineer, Front End](https://www.simplyhired.com/job/4S9ObqnleykdDU5PbORCx1G0Vz1gTp65Kjqq6wuoxp9xbIiFCi95hQ?q=ux+engineer)","UX Engineer, Front End",https://www.simplyhired.com/job/4S9ObqnleykdDU5PbORCx1G0Vz1gTp65Kjqq6wuoxp9xbIiFCi95hQ?q=ux+engineer,Recently,"New York, NY"
SimplyHired,ux engineer,[InspiHER Tech](None),InspiHER Tech,None,[UX STRATEGIST/ENGINEER](https://www.simplyhired.com/job/35mrbc31qNyvQ9hZEydza5DRGHqvoILo3LN5esUsSdmHiOnWvx4kOQ?q=ux+engineer),UX STRATEGIST/ENGINEER,https://www.simplyhired.com/job/35mrbc31qNyvQ9hZEydza5DRGHqvoILo3LN5esUsSdmHiOnWvx4kOQ?q=ux+engineer,8d,Remote
SimplyHired,ux engineer,[Protegrity](None),Protegrity,None,[UI/UX Engineer](https://www.simplyhired.com/job/IJQvzoOXtm1ZifZxu4ZSNYBuIt9aM2g7labxTed6s0FsaFGx9kW3Gw?q=ux+engineer),UI/UX Engineer,https://www.simplyhired.com/job/IJQvzoOXtm1ZifZxu4ZSNYBuIt9aM2g7labxTed6s0FsaFGx9kW3Gw?q=ux+engineer,Today,"Boston, MA +3 locations"
SimplyHired,ux engineer,[Shift7 Digital](None),Shift7 Digital,None,[UI/UX Engineer](https://www.simplyhired.com/job/CKZusot5UBinEfcA6hCPvKF7_xnJ3ws17mCmQJWxPr6s-g2BS2nurw?q=ux+engineer),UI/UX Engineer,https://www.simplyhired.com/job/CKZusot5UBinEfcA6hCPvKF7_xnJ3ws17mCmQJWxPr6s-g2BS2nurw?q=ux+engineer,Recently,"New York, NY"
SimplyHired,ux engineer,[Systems Alliance](None),Systems Alliance,None,[UI/UX Engineer](https://www.simplyhired.com/job/lUkHWgWQOUaI1gxhJoERauKTp8ajEcBrtJD7B0eCypJx7XdjvtpLrA?q=ux+engineer),UI/UX Engineer,https://www.simplyhired.com/job/lUkHWgWQOUaI1gxhJoERauKTp8ajEcBrtJD7B0eCypJx7XdjvtpLrA?q=ux+engineer,Recently,"Hunt Valley, MD"
SimplyHired,ux engineer,[Visa](None),Visa,None,[Associate UI Engineer](https://www.simplyhired.com/job/P6Ef_VfdpSn04qhcr7TJATv18VFukR-IDlzjblIUbZnZ38fO5_bNyA?q=ux+engineer),Associate UI Engineer,https://www.simplyhired.com/job/P6Ef_VfdpSn04qhcr7TJATv18VFukR-IDlzjblIUbZnZ38fO5_bNyA?q=ux+engineer,Recently,"Austin, TX"
SimplyHired,design developer,[Activision](None),Activision,None,[Associate Game Designer I](https://www.simplyhired.com/job/fbpz4-SrLzGORXiBgCZO71x9cEk2BXn0ExiQuN3PdhnvWXgtqwKttg?q=design+developer),Associate Game Designer I,https://www.simplyhired.com/job/fbpz4-SrLzGORXiBgCZO71x9cEk2BXn0ExiQuN3PdhnvWXgtqwKttg?q=design+developer,3d,"Los Angeles, CA"
SimplyHired,design developer,"[Amazon Web Services, Inc.](None)","Amazon Web Services, Inc.",None,"[Curriculum Developer, AWS Support](https://www.simplyhired.com/job/Nd4AkRpWW73hgtpdiFFMM-nBa4rIOdJwZELg-i7d9xlNpSHeCuobxA?q=design+developer)","Curriculum Developer, AWS Support",https://www.simplyhired.com/job/Nd4AkRpWW73hgtpdiFFMM-nBa4rIOdJwZELg-i7d9xlNpSHeCuobxA?q=design+developer,Today,"Seattle, WA +3 locations"
SimplyHired,design developer,[ArenaNet](None),ArenaNet,None,[Game Designer](https://www.simplyhired.com/job/Wa_qrdO6Q91-rTpfubQ7cwz6CunTP3EwJWEiEOpJTZ8lmJqoZfJ6Mw?q=design+developer),Game Designer,https://www.simplyhired.com/job/Wa_qrdO6Q91-rTpfubQ7cwz6CunTP3EwJWEiEOpJTZ8lmJqoZfJ6Mw?q=design+developer,10d,"Bellevue, WA"
SimplyHired,design developer,[Dealer Spike](None),Dealer Spike,None,[Entry-Level Front End Developer](https://www.simplyhired.com/job/Yg87LCjpu5enZCuhO0dB9gH7IAkz3w1OolAY_pJ1NaYJ7aPhuhIqgQ?q=design+developer),Entry-Level Front End Developer,https://www.simplyhired.com/job/Yg87LCjpu5enZCuhO0dB9gH7IAkz3w1OolAY_pJ1NaYJ7aPhuhIqgQ?q=design+developer,Recently,Oregon
SimplyHired,design developer,[Delta](None),Delta,None,[UI Developer / UX Designer](https://www.simplyhired.com/job/jaZt8T4anN3wZq7RAGLF3AZXf36JmnMoii3ss1r62uE8rkxVtwUcMw?q=design+developer),UI Developer / UX Designer,https://www.simplyhired.com/job/jaZt8T4anN3wZq7RAGLF3AZXf36JmnMoii3ss1r62uE8rkxVtwUcMw?q=design+developer,Recently,"Atlanta, GA"
SimplyHired,design developer,"[Energy Technologies, Inc.](None)","Energy Technologies, Inc.",None,[Web Page Design/Webmaster](https://www.simplyhired.com/job/8Neqb-7j62KUMu36fwi32EqHFUHmP3RVASLFHToKgoHxmHwMY1-AFg?q=design+developer),Web Page Design/Webmaster,https://www.simplyhired.com/job/8Neqb-7j62KUMu36fwi32EqHFUHmP3RVASLFHToKgoHxmHwMY1-AFg?q=design+developer,Recently,"Mansfield, OH"
SimplyHired,design developer,[FMG Suite](None),FMG Suite,None,[Web Designer / Developer (Remote)](https://www.simplyhired.com/job/72wntOXDEcEfjecq9Jdi5B5vuwyvMSnQ7dQNDvEUWxlrr-pxov4ivA?q=design+developer),Web Designer / Developer (Remote),https://www.simplyhired.com/job/72wntOXDEcEfjecq9Jdi5B5vuwyvMSnQ7dQNDvEUWxlrr-pxov4ivA?q=design+developer,Recently,Remote
SimplyHired,design developer,[High5](None),High5,None,[Architecture/Design/Development - RPA Developer II](https://www.simplyhired.com/job/yMNglyQLcrFV6An48dUsURK9DPtPGeXzwLpr2cfcwa3cT61gzIAutA?q=design+developer),Architecture/Design/Development - RPA Developer II,https://www.simplyhired.com/job/yMNglyQLcrFV6An48dUsURK9DPtPGeXzwLpr2cfcwa3cT61gzIAutA?q=design+developer,Recently,United States
SimplyHired,design developer,[Highbrow-Tech](None),Highbrow-Tech,None,[UI Developer](https://www.simplyhired.com/job/sFHGfunHZ0up3U70MWBNOlgC3P8T7qr_BLT1p34zETq_59P1O49wcw?q=design+developer),UI Developer,https://www.simplyhired.com/job/sFHGfunHZ0up3U70MWBNOlgC3P8T7qr_BLT1p34zETq_59P1O49wcw?q=design+developer,Recently,Remote
SimplyHired,design developer,[Makani Networks](None),Makani Networks,None,[GUI Designer/Developer](https://www.simplyhired.com/job/vqCwz-7L1WiyQ3Q99E-Qq9M4YBsfkUyBVLQJ_Zdxo65ltF5kn2xkkQ?q=design+developer),GUI Designer/Developer,https://www.simplyhired.com/job/vqCwz-7L1WiyQ3Q99E-Qq9M4YBsfkUyBVLQJ_Zdxo65ltF5kn2xkkQ?q=design+developer,Recently,"San Francisco, CA"
SimplyHired,design developer,[PharmD Live](None),PharmD Live,None,[Front End Developer/UI Developer](https://www.simplyhired.com/job/GvL_7e6iBZuqV9rqDDYSOschSU7nBX87hPMMPyVYR8IqKuGg1SybRQ?q=design+developer),Front End Developer/UI Developer,https://www.simplyhired.com/job/GvL_7e6iBZuqV9rqDDYSOschSU7nBX87hPMMPyVYR8IqKuGg1SybRQ?q=design+developer,Recently,Remote +1 location
SimplyHired,creative artworker,[Perigord Premedia Limited](None),Perigord Premedia Limited,None,[Pharmaceutical Artworker](https://www.simplyhired.com/job/WRy_NU05gCzr90gkLGAIDvxQhGE6uxak8UWRmF1KZW30OClsukshdA?q=creative+artworker),Pharmaceutical Artworker,https://www.simplyhired.com/job/WRy_NU05gCzr90gkLGAIDvxQhGE6uxak8UWRmF1KZW30OClsukshdA?q=creative+artworker,Recently,"Branford, CT"
SimplyHired,creative artworker,[acrylicize](None),acrylicize,None,[Artworker/ Production Assistant](https://www.simplyhired.com/job/pON_mD4-MIANU80P3jVTDINiHfDVeqZsSwvkzeu3GtZ2MVGtiZ3Gpw?q=creative+artworker),Artworker/ Production Assistant,https://www.simplyhired.com/job/pON_mD4-MIANU80P3jVTDINiHfDVeqZsSwvkzeu3GtZ2MVGtiZ3Gpw?q=creative+artworker,Recently,"New York, NY"
SimplyHired,artworker,[Perigord Premedia Limited](None),Perigord Premedia Limited,None,[Pharmaceutical Artworker](https://www.simplyhired.com/job/WRy_NU05gCzr90gkLGAIDvxQhGE6uxak8UWRmF1KZW30OClsukshdA?q=artworker),Pharmaceutical Artworker,https://www.simplyhired.com/job/WRy_NU05gCzr90gkLGAIDvxQhGE6uxak8UWRmF1KZW30OClsukshdA?q=artworker,Recently,"Branford, CT"
SimplyHired,artworker,[Sonoco](None),Sonoco,None,[Senior Artist](https://www.simplyhired.com/job/gyQf-wXViE5DTjh6jQYwtf4n8pryWEZj3FCgwRPHI5i7PJlc-DU_Og?q=artworker),Senior Artist,https://www.simplyhired.com/job/gyQf-wXViE5DTjh6jQYwtf4n8pryWEZj3FCgwRPHI5i7PJlc-DU_Og?q=artworker,Recently,"Cincinnati, OH"
SimplyHired,artworker,[acrylicize](None),acrylicize,None,[Artworker/ Production Assistant](https://www.simplyhired.com/job/pON_mD4-MIANU80P3jVTDINiHfDVeqZsSwvkzeu3GtZ2MVGtiZ3Gpw?q=artworker),Artworker/ Production Assistant,https://www.simplyhired.com/job/pON_mD4-MIANU80P3jVTDINiHfDVeqZsSwvkzeu3GtZ2MVGtiZ3Gpw?q=artworker,Recently,"New York, NY"
